"Name","Team","Age","AB","PA","H","3B","SB","CS","IFH","BU","BsR","Spd","playerid"
"Mike Trout","Angels","25","402","507","123","3","22","4","13","0","4.0","6.2","10155"
"J.D. Martinez","- - -","29","432","489","131","3","4","0","7","0","-5.7","4.7","6184"
"Aaron Judge","Yankees","25","542","678","154","3","9","4","5","0","0.0","4.8","15640"
"Joey Votto","Reds","33","559","707","179","1","5","1","5","0","-9.6","2.8","4314"
"Rhys Hoskins","Phillies","24","170","212","44","0","2","0","2","0","2.1","3.4","16472"
"Bryce Harper","Nationals","24","420","492","134","1","4","2","13","2","-1.2","3.7","11579"
"Charlie Blackmon","Rockies","31","644","725","213","14","14","10","16","4","2.0","6.4","7859"
"Matt Olson","Athletics","23","189","216","49","0","0","0","1","3","-1.8","0.7","14344"
"Giancarlo Stanton","Marlins","27","597","692","168","0","2","2","11","0","-2.4","2.3","4949"
"Freddie Freeman","Braves","27","440","514","135","2","8","5","10","0","0.7","4.3","5361"
"Jose Altuve","Astros","27","590","662","204","4","32","6","30","8","4.0","6.4","5417"
"Paul Goldschmidt","Diamondbacks","29","558","665","166","3","18","5","15","0","3.3","5.6","9218"
"Justin Turner","Dodgers","32","457","543","147","0","7","1","5","1","2.1","3.3","5235"
"Kris Bryant","Cubs","25","549","665","162","4","7","5","19","0","4.8","4.4","15429"
"Tommy Pham","Cardinals","29","444","530","136","2","25","7","16","3","5.3","6.0","2967"
"Jose Ramirez","Indians","24","585","645","186","6","17","5","11","2","-0.9","6.0","13510"
"Josh Donaldson","Blue Jays","31","415","496","112","0","2","2","6","1","2.4","1.6","5038"
"Nolan Arenado","Rockies","26","606","680","187","7","3","2","13","1","0.5","4.1","9777"
"Anthony Rendon","Nationals","27","508","605","153","1","7","2","10","0","1.5","3.5","12861"
"Carlos Correa","Astros","22","422","481","133","1","2","1","16","0","1.6","3.2","14162"
"Zack Cozart","Reds","31","438","507","130","7","3","0","10","0","-1.5","5.3","2616"
"Michael Conforto","Mets","24","373","440","104","1","2","0","10","0","2.9","3.6","16376"
"Marcell Ozuna","Marlins","26","613","679","191","2","1","3","18","0","-5.3","2.3","10324"
"Ryan Zimmerman","Nationals","32","524","576","159","0","1","0","13","0","1.9","2.2","4220"
"Austin Barnes","Dodgers","27","218","262","63","2","4","1","3","0","-1.6","4.9","12158"
"Nelson Cruz","Mariners","36","556","645","160","0","1","1","13","0","-4.0","1.7","2434"
"Daniel Murphy","Nationals","32","534","593","172","3","2","0","2","0","-2.0","3.8","4316"
"Adrian Beltre","Rangers","38","340","389","106","1","1","0","4","0","-3.9","2.3","639"
"Jesse Winker","Reds","23","121","137","36","0","1","1","1","1","-0.5","2.5","13590"
"Marwin Gonzalez","Astros","28","455","515","138","0","8","3","8","10","0.7","3.2","5497"
"Cody Bellinger","Dodgers","21","480","548","128","4","10","3","9","8","2.0","5.5","15998"
"Anthony Rizzo","Cubs","27","572","691","156","3","10","4","4","4","-4.2","4.4","3473"
"Jose Martinez","Cardinals","28","272","307","84","1","4","0","9","1","0.2","4.6","7996"
"Justin Upton","- - -","29","557","635","152","0","14","5","6","0","4.0","4.0","5222"
"Jose Abreu","White Sox","30","621","675","189","6","3","0","14","1","-2.0","4.4","15676"
"Eric Hosmer","Royals","27","603","671","192","1","6","1","19","1","1.8","3.4","3516"
"George Springer","Astros","27","548","629","155","0","5","7","24","0","-2.2","3.1","12856"
"Avisail Garcia","White Sox","26","518","561","171","5","5","3","26","0","1.9","4.3","5760"
"Justin Bour","Marlins","29","377","429","109","0","1","0","5","0","-4.6","1.6","9744"
"Edwin Encarnacion","Indians","34","554","669","143","1","2","0","5","0","-8.4","2.7","2151"
"Domingo Santana","Brewers","24","525","607","146","0","15","4","4","0","3.2","4.0","10348"
"Kurt Suzuki","Braves","33","276","309","78","0","0","0","4","2","-0.9","1.1","8259"
"Austin Jackson","Indians","30","280","318","89","3","3","1","9","1","0.4","5.0","9848"
"Teoscar Hernandez","- - -","24","88","95","23","0","0","1","2","0","0.9","2.7","13066"
"Justin Smoak","Blue Jays","30","560","637","151","1","0","1","3","0","-3.2","1.7","9054"
"Jorge Alfaro","Phillies","24","107","114","34","0","0","0","2","0","-1.8","0.9","12180"
"Yoenis Cespedes","Mets","31","291","321","85","2","0","1","7","0","-0.8","3.0","13110"
"Eric Thames","Brewers","30","469","551","116","4","4","2","6","1","-1.7","4.6","3711"
"Adam Eaton","Nationals","28","91","107","27","1","3","1","6","1","1.8","6.9","11205"
"Robinson Chirinos","Rangers","33","263","309","67","1","1","0","3","2","-2.1","3.7","3142"
"Lonnie Chisenhall","Indians","28","236","270","68","1","2","2","3","3","0.0","3.3","7571"
"Nick Delmonico","White Sox","24","141","166","37","0","2","0","7","3","-0.5","3.7","13157"
"Tommy La Stella","Cubs","28","125","151","36","0","0","0","1","0","0.1","1.1","12371"
"Gary Sanchez","Yankees","24","471","525","131","0","2","1","14","0","-1.4","2.6","11442"
"Chris Iannetta","Diamondbacks","34","272","316","69","0","0","0","6","0","-1.9","1.0","8267"
"Scooter Gennett","Reds","27","461","497","136","3","3","2","6","3","-2.4","4.3","10339"
"Yonder Alonso","- - -","30","451","521","120","0","2","0","1","0","-2.5","2.4","2530"
"Buster Posey","Giants","30","494","568","158","0","6","1","6","0","-1.8","2.8","9166"
"Colby Rasmus","Rays","30","121","129","34","1","1","0","1","2","0.6","4.7","9893"
"Corey Seager","Dodgers","23","539","613","159","0","4","2","8","0","3.6","2.7","13624"
"Joey Gallo","Rangers","23","449","532","94","3","7","2","3","1","4.6","5.5","14128"
"Aaron Hicks","Yankees","27","301","361","80","0","10","5","8","4","2.5","3.9","5297"
"Adam Lind","Nationals","33","267","301","81","0","1","0","3","0","-1.3","2.2","8027"
"Logan Morrison","Rays","29","512","601","126","1","2","0","3","0","0.0","2.4","9205"
"Brian Dozier","Twins","30","617","705","167","4","16","7","13","4","3.6","5.2","9810"
"Willson Contreras","Cubs","25","377","428","104","0","5","4","16","6","-6.0","2.4","11609"
"Alex Avila","- - -","30","311","376","82","1","0","1","3","1","-2.6","1.8","7476"
"Howie Kendrick","- - -","33","305","334","96","3","12","5","9","2","-1.0","5.7","4229"
"Chris Taylor","Dodgers","26","514","568","148","5","17","4","20","2","6.7","6.4","13757"
"Miguel Sano","Twins","24","424","483","112","2","0","0","3","0","-4.2","2.9","12164"
"Khris Davis","Athletics","29","566","652","140","1","4","0","9","0","-1.3","3.4","9112"
"Travis Shaw","Brewers","27","538","606","147","1","10","0","5","2","-1.8","4.5","11982"
"Matt Carpenter","Cardinals","31","497","622","120","2","2","1","3","7","0.4","3.1","8090"
"Andrew McCutchen","Pirates","30","570","650","159","2","11","5","13","0","1.3","4.3","9847"
"Mitch Haniger","Mariners","26","369","410","104","2","5","4","9","2","-2.1","4.3","14274"
"Aaron Altherr","Phillies","26","372","412","101","5","5","4","11","0","-2.0","5.5","11270"
"Paul DeJong","Cardinals","23","417","443","119","1","1","0","7","0","-2.4","2.5","18015"
"Tyler Flowers","Braves","31","317","370","89","0","0","1","7","0","0.3","1.4","9134"
"Dexter Fowler","Cardinals","31","420","491","111","9","7","3","6","1","1.9","5.9","4062"
"Mark Reynolds","Rockies","33","520","593","139","1","2","1","5","1","-2.7","2.7","7619"
"Josh Reddick","Astros","30","477","540","150","4","7","3","7","4","3.3","4.8","3892"
"Daniel Nava","Phillies","34","183","214","55","1","1","0","0","0","-0.3","3.1","5450"
"Eugenio Suarez","Reds","25","534","632","139","2","4","5","12","0","-1.3","3.1","12552"
"Jonathan Schoop","Orioles","25","622","675","182","0","1","0","14","0","-2.1","2.2","11265"
"Jose Pirela","Padres","27","312","344","90","4","4","3","10","3","0.2","5.0","5485"
"Mike Zunino","Mariners","26","387","435","97","0","1","0","3","0","-1.7","1.9","13265"
"Jake Lamb","Diamondbacks","26","536","635","133","4","6","4","5","0","0.8","4.4","13329"
"Francisco Lindor","Indians","23","651","723","178","4","15","3","17","10","4.7","5.1","12916"
"Brandon Belt","Giants","29","382","451","92","3","3","2","3","6","-0.8","4.2","10264"
"Jesus Aguilar","Brewers","27","279","311","74","2","0","0","3","0","-0.4","2.8","11342"
"Alex Bregman","Astros","23","556","626","158","5","17","5","9","1","0.3","5.9","17678"
"Carlos Santana","Indians","31","571","667","148","3","5","1","14","3","0.8","4.0","2396"
"Jay Bruce","- - -","30","555","617","141","2","1","1","5","1","-2.1","2.6","9892"
"Eddie Rosario","Twins","25","542","589","157","2","9","8","10","7","-0.6","3.9","12155"
"Trey Mancini","Orioles","25","543","586","159","4","1","0","21","0","-0.4","3.2","15149"
"Joe Mauer","Twins","34","525","597","160","1","2","1","10","4","-6.2","2.4","1857"
"Ian Happ","Cubs","22","364","413","92","3","8","4","8","2","-2.6","5.7","17919"
"Yasiel Puig","Dodgers","26","499","570","131","2","15","6","16","0","-7.6","4.4","14225"
"Steven Souza Jr.","Rays","28","523","617","125","2","16","4","13","5","3.3","4.8","5667"
"Christian Yelich","Marlins","25","602","695","170","2","16","2","11","2","6.8","5.2","11477"
"Brandon Nimmo","Mets","24","177","215","46","1","2","0","2","1","0.4","4.5","12927"
"Jed Lowrie","Athletics","33","567","645","157","3","0","1","3","1","-1.0","2.7","4418"
"Ozzie Albies","Braves","20","217","244","62","5","8","1","5","3","2.7","7.4","16556"
"Lorenzo Cain","Royals","31","584","645","175","5","26","2","21","0","3.5","6.5","9077"
"Ryan Braun","Brewers","33","380","425","102","2","12","4","10","1","-0.2","5.3","3410"
"Neil Walker","- - -","31","385","448","102","2","0","2","5","2","-0.6","2.8","7539"
"Matt Adams","- - -","28","339","367","93","1","0","0","4","0","0.7","2.0","9393"
"Cesar Hernandez","Phillies","27","511","577","150","6","15","5","27","14","0.7","6.0","10556"
"Mike Moustakas","Royals","28","555","598","151","0","0","0","7","1","-5.4","1.1","4892"
"Yulieski Gurriel","Astros","33","529","564","158","1","3","2","13","1","0.9","2.8","19198"
"Rafael Devers","Red Sox","20","222","240","63","0","3","1","7","2","0.1","3.5","17350"
"Jedd Gyorko","Cardinals","28","426","481","116","2","6","2","7","0","-2.5","3.8","10816"
"Nick Williams","Phillies","23","313","343","90","4","1","2","11","0","-2.2","4.4","14330"
"Elvis Andrus","Rangers","28","643","689","191","4","25","10","22","1","4.4","5.7","8709"
"Lane Adams","Braves","27","109","122","30","1","10","0","4","1","2.5","8.2","10767"
"Welington Castillo","Orioles","30","341","365","96","0","0","0","7","0","-2.3","1.0","3256"
"Carlos Gomez","Rangers","31","368","426","94","1","13","5","11","6","2.1","5.0","4881"
"Eric Sogard","Brewers","31","249","299","68","1","3","3","1","7","-2.3","3.3","7927"
"Jake Marisnick","Astros","26","230","259","56","0","9","4","4","7","3.0","5.5","11339"
"Matt Joyce","Athletics","32","469","544","114","0","4","1","3","1","1.7","3.2","3353"
"Eduardo Nunez","- - -","30","467","491","146","0","24","7","23","4","2.1","4.8","6848"
"David Peralta","Diamondbacks","29","525","577","154","3","8","4","17","0","1.2","4.6","2136"
"DJ LeMahieu","Rockies","28","609","682","189","4","6","5","10","5","-4.5","3.9","9874"
"Jeimer Candelario","- - -","23","127","142","36","0","0","0","4","0","-0.7","1.6","13621"
"Michael Brantley","Indians","30","338","375","101","1","11","1","7","0","4.1","5.0","4106"
"Lucas Duda","- - -","31","423","491","92","0","0","0","1","0","-3.9","0.5","2502"
"Corey Dickerson","Rays","28","588","629","166","4","4","3","17","0","-0.2","4.0","10762"
"Nick Castellanos","Tigers","25","614","665","167","10","4","5","12","0","-2.1","4.6","11737"
"A.J. Pollock","Diamondbacks","29","425","466","113","6","20","6","10","2","2.6","7.5","9256"
"Shin-Soo Choo","Rangers","34","544","636","142","1","12","3","6","6","-1.7","4.7","3174"
"Mookie Betts","Red Sox","24","628","712","166","2","26","3","23","0","9.2","5.5","13611"
"Pat Valaika","Rockies","24","182","195","47","0","0","0","1","8","2.3","1.8","14885"
"Josh Bell","Pirates","24","549","620","140","6","2","4","14","0","-6.8","3.5","13145"
"Asdrubal Cabrera","Mets","31","479","540","134","0","3","2","13","4","-8.9","2.5","4962"
"Starlin Castro","Yankees","27","443","473","133","1","2","0","22","0","1.3","3.5","4579"
"Brett Phillips","Brewers","23","87","98","24","0","5","0","1","1","2.2","4.5","14735"
"Michael Taylor","Nationals","26","399","432","108","3","17","7","15","6","3.0","5.9","11489"
"Trea Turner","Nationals","24","412","447","117","6","46","8","22","2","7.9","8.9","16252"
"Brian Goodwin","Nationals","26","251","278","63","1","6","0","4","1","-0.2","6.0","12858"
"Gerardo Parra","Rockies","30","392","425","121","1","2","5","9","7","-4.3","3.0","8553"
"Kevin Kiermaier","Rays","27","380","421","105","3","16","7","14","6","5.3","5.9","11038"
"Brett Gardner","Yankees","33","594","682","157","4","23","5","18","10","6.0","6.0","9927"
"Kolten Wong","Cardinals","26","354","411","101","3","8","2","10","9","3.7","5.4","12532"
"Mikie Mahtook","Tigers","27","348","379","96","6","6","0","18","1","3.2","6.8","13130"
"Wil Myers","Padres","26","567","649","138","3","20","6","16","2","0.6","5.3","10047"
"Didi Gregorius","Yankees","27","534","570","153","0","3","1","16","1","3.1","2.7","6012"
"Todd Frazier","- - -","31","474","576","101","1","4","3","7","0","-2.0","3.1","785"
"Ezequiel Carrera","Blue Jays","30","287","325","81","1","10","1","5","14","2.8","5.1","9048"
"Robinson Cano","Mariners","34","592","648","166","0","1","0","5","0","-3.0","2.0","3269"
"Adam Jones","Orioles","31","597","635","170","1","2","1","20","4","1.3","2.7","6368"
"Tim Beckham","- - -","27","533","575","148","5","6","5","21","5","0.6","4.4","7949"
"Jean Segura","Mariners","27","524","566","157","2","22","8","21","2","-0.5","5.5","5933"
"Alex Presley","Tigers","31","245","264","77","3","5","0","5","3","-1.3","5.8","5305"
"Albert Almora Jr.","Cubs","23","299","323","89","1","1","0","11","6","-1.7","3.2","14109"
"Kyle Schwarber","Cubs","24","422","486","89","1","1","1","7","3","-0.4","2.8","16478"
"Whit Merrifield","Royals","28","587","630","169","6","34","8","21","8","4.4","6.7","11281"
"Andrew Benintendi","Red Sox","22","573","658","155","1","20","5","10","4","1.4","4.5","17901"
"Josh Harrison","Pirates","29","486","542","132","2","12","4","11","9","2.2","4.9","8202"
"Seth Smith","Orioles","34","330","373","85","0","2","0","6","0","-3.2","3.1","7331"
"J.T. Realmuto","Marlins","26","532","579","148","5","8","2","21","0","1.5","5.0","11739"
"Matt Chapman","Athletics","24","290","326","68","2","0","3","3","0","2.0","3.5","16505"
"Boog Powell","- - -","24","117","135","33","0","0","1","4","3","-0.7","2.9","15103"
"Dustin Pedroia","Red Sox","33","406","463","119","0","4","3","14","2","-4.7","2.2","8370"
"Wilmer Flores","Mets","25","336","362","91","1","1","1","4","0","-2.6","2.4","5827"
"Kevin Plawecki","Mets","26","100","118","26","0","1","0","3","0","0.6","2.7","13807"
"Johan Camargo","Braves","23","241","256","72","2","0","0","7","2","0.5","3.0","14950"
"Jon Jay","Cubs","32","379","433","112","3","6","2","5","11","2.8","5.3","5227"
"Curtis Granderson","- - -","36","449","527","95","3","6","2","8","1","2.9","4.8","4747"
"Scott Schebler","Reds","26","473","531","110","2","5","3","7","2","0.8","3.9","12225"
"Robbie Grossman","Twins","27","382","456","94","1","3","1","8","5","0.1","3.5","5254"
"Chase Headley","Yankees","33","512","586","140","1","9","2","11","5","1.0","4.3","4720"
"Andrew Toles","Dodgers","25","96","102","26","0","0","1","4","1","0.1","3.0","13414"
"Eric Young","Angels","32","110","125","29","0","12","3","3","5","2.3","6.8","7158"
"Salvador Perez","Royals","27","471","499","126","1","1","0","3","0","-3.6","2.4","7304"
"Odubel Herrera","Phillies","25","526","563","148","3","8","5","14","7","1.3","4.3","11476"
"Joe Panik","Giants","26","511","573","147","5","4","1","14","7","-2.1","4.2","11936"
"John Hicks","Tigers","27","173","190","46","0","2","1","3","1","0.0","3.4","12547"
"Matt Kemp","Braves","32","438","467","121","1","0","2","8","0","-6.5","1.7","5631"
"Ender Inciarte","Braves","26","662","718","201","5","22","9","17","21","2.3","5.4","4922"
"Manny Machado","Orioles","24","630","690","163","1","9","4","19","4","-5.0","3.3","11493"
"Yoan Moncada","White Sox","22","199","231","46","2","3","2","3","0","1.6","5.3","17232"
"Carlos Gonzalez","Rockies","31","470","534","123","0","3","0","10","1","-0.4","3.2","7287"
"Adam Duvall","Reds","28","587","647","146","3","5","3","13","0","-0.1","3.9","10950"
"Kyle Seager","Mariners","29","578","650","144","1","2","1","10","5","-0.9","2.2","9785"
"David Freese","Pirates","34","426","503","112","0","0","1","16","0","-4.2","1.0","9549"
"T.J. Rivera","Mets","28","214","231","62","1","1","0","3","1","1.1","3.6","12495"
"Chris Gimenez","Twins","34","186","225","41","0","1","0","1","4","-0.5","2.7","7324"
"Mitch Moreland","Red Sox","31","508","576","125","0","0","1","5","1","-2.4","1.7","3086"
"Javier Baez","Cubs","24","469","508","128","2","10","3","14","8","3.8","5.3","12979"
"Jacoby Ellsbury","Yankees","33","356","409","94","4","22","3","9","5","4.7","7.7","4727"
"Evan Gattis","Astros","30","300","325","79","0","0","1","6","0","-3.1","2.0","11003"
"Denard Span","Giants","33","497","542","135","5","12","7","4","8","-0.6","5.5","8347"
"Yasmani Grandal","Dodgers","28","438","482","108","0","0","1","7","2","-4.0","1.1","11368"
"Brandon Drury","Diamondbacks","24","445","480","119","2","1","1","10","0","-0.4","2.4","11615"
"Russell Martin","Blue Jays","34","307","365","68","0","1","2","2","1","-1.3","2.2","4616"
"Derek Dietrich","Marlins","27","406","464","101","5","0","1","10","0","1.5","3.9","10542"
"Drew Robinson","Rangers","25","107","121","24","0","0","2","1","0","-1.0","1.3","11761"
"Jorge Bonifacio","Royals","24","384","422","98","1","1","1","5","0","0.2","2.9","12174"
"Andrelton Simmons","Angels","27","589","647","164","2","19","6","20","3","2.0","5.0","10847"
"Manny Pina","Brewers","30","330","359","92","0","2","0","4","1","-1.4","3.2","2829"
"Steve Pearce","Blue Jays","34","313","348","79","1","0","0","9","0","-1.0","1.9","9957"
"Brian McCann","Astros","33","349","399","84","1","1","0","4","2","-1.8","2.6","4810"
"Kennys Vargas","Twins","26","241","264","61","0","0","0","6","0","0.0","1.5","12101"
"Austin Slater","Giants","24","117","127","33","1","0","0","6","0","1.3","3.0","16153"
"Trevor Story","Rockies","24","503","555","120","3","7","2","14","4","1.0","4.7","12564"
"Adam Frazier","Pirates","25","406","454","112","6","9","5","9","2","2.7","5.7","15223"
"Raimel Tapia","Rockies","23","160","171","46","2","5","2","5","2","2.5","7.2","14350"
"Joc Pederson","Dodgers","25","273","323","58","0","4","3","3","0","0.6","3.5","11899"
"Xander Bogaerts","Red Sox","24","571","635","156","6","15","1","26","0","8.3","6.7","12161"
"Omar Narvaez","White Sox","25","253","295","70","0","0","0","5","5","-0.9","0.8","13338"
"Andrew Knapp","Phillies","25","171","204","44","1","1","0","5","0","0.3","4.1","14942"
"Nick Markakis","Braves","33","593","670","163","1","0","2","10","0","-1.1","1.9","5930"
"Matt Holliday","Yankees","37","373","427","86","0","1","0","12","0","-3.2","2.1","1873"
"Eduardo Escobar","Twins","28","457","499","116","5","5","1","5","1","3.0","5.1","6153"
"Ryon Healy","Athletics","25","576","605","156","0","0","1","17","1","-1.8","1.4","15447"
"Kendrys Morales","Blue Jays","34","557","608","139","0","0","0","4","0","-9.3","1.1","8610"
"Yasmany Tomas","Diamondbacks","26","166","180","40","1","0","0","3","0","0.9","2.3","17171"
"Melky Cabrera","- - -","32","620","666","177","2","1","2","18","2","-3.8","2.3","4022"
"Ketel Marte","Diamondbacks","23","223","255","58","2","3","1","5","4","1.2","4.7","13613"
"Miguel Rojas","Marlins","28","272","306","79","2","2","1","6","6","-0.1","4.1","7802"
"Yunel Escobar","Angels","34","350","381","96","1","1","4","12","0","-4.8","2.6","4191"
"Hanley Ramirez","Red Sox","33","496","553","120","0","1","3","5","0","-5.3","1.5","8001"
"Christian Vazquez","Red Sox","26","324","345","94","2","7","2","3","0","-2.6","5.1","9774"
"Daniel Descalso","Diamondbacks","30","344","398","80","5","4","0","2","0","0.6","5.8","8392"
"Nomar Mazara","Rangers","22","554","616","140","2","2","2","11","0","-2.2","2.6","14553"
"Leury Garcia","White Sox","26","300","326","81","2","8","5","8","8","-0.6","5.4","5913"
"John Jaso","Pirates","33","256","302","54","0","1","1","3","0","1.8","1.6","5887"
"Tucker Barnhart","Reds","26","370","423","100","2","4","0","6","8","-3.5","3.4","10200"
"Greg Garcia","Cardinals","27","241","290","61","2","2","1","3","8","1.2","3.9","10951"
"Chase Utley","Dodgers","38","309","353","73","4","6","1","6","1","2.4","6.2","1679"
"Chad Pinder","Athletics","25","282","309","67","1","2","1","8","0","-3.2","3.5","15191"
"Matt Szczur","- - -","27","195","237","44","2","0","2","8","5","0.5","3.9","11255"
"C.J. Cron","Angels","27","339","373","84","1","3","2","2","0","-1.7","3.2","12546"
"Luke Voit","Cardinals","26","114","124","28","0","0","0","2","0","0.6","2.3","14811"
"James McCann","Tigers","27","352","391","89","2","1","0","6","1","-1.8","3.3","12859"
"Hunter Renfroe","Padres","25","445","479","103","1","3","0","11","0","0.7","3.2","15464"
"Brandon Phillips","- - -","36","572","604","163","1","11","8","13","3","-2.3","4.1","791"
"Yadier Molina","Cardinals","34","501","543","137","1","9","4","5","1","-5.1","3.9","7007"
"Randal Grichuk","Cardinals","25","412","442","98","3","6","1","11","0","3.0","5.2","10243"
"Ben Gamel","Mariners","25","509","550","140","5","4","1","7","1","3.5","4.9","12160"
"Francisco Cervelli","Pirates","31","265","304","66","2","0","2","5","2","-1.1","2.9","5275"
"Jason Castro","Twins","30","356","407","86","0","0","0","2","2","-2.3","1.5","8722"
"Delino DeShields","Rangers","24","376","440","101","2","29","8","19","31","9.2","7.1","11379"
"Max Kepler","Twins","24","511","568","124","2","6","1","8","4","3.1","4.2","12144"
"Nori Aoki","- - -","35","336","374","93","2","10","2","10","2","-1.2","5.6","13075"
"Kole Calhoun","Angels","29","569","654","139","2","5","1","7","1","-0.5","3.7","11200"
"Craig Gentry","Orioles","33","101","117","26","1","5","4","3","7","0.0","6.5","9571"
"Marcus Semien","Athletics","26","342","386","85","1","12","1","7","2","4.6","5.8","12533"
"Chris Owings","Diamondbacks","25","362","386","97","1","12","2","10","6","2.0","4.9","10030"
"Cory Spangenberg","Padres","26","444","486","117","2","11","3","12","17","5.0","5.0","12294"
"Yolmer Sanchez","White Sox","25","484","534","129","8","8","9","10","9","-1.3","5.3","11602"
"Jackie Bradley Jr.","Red Sox","27","482","541","118","3","8","3","13","1","5.1","4.5","12984"
"Miguel Cabrera","Tigers","34","469","529","117","0","0","1","4","0","-8.1","1.1","1744"
"Stephen Piscotty","Cardinals","26","341","401","80","1","3","6","8","1","-3.8","2.7","13367"
"Ian Kinsler","Tigers","35","551","613","130","3","14","5","4","0","1.5","5.6","6195"
"Evan Longoria","Rays","31","613","677","160","2","6","1","12","0","1.6","3.8","9368"
"Jose Reyes","Mets","34","501","561","123","7","24","6","14","8","5.4","7.2","1736"
"Jim Adduci","Tigers","32","83","93","20","2","1","1","2","1","0.3","6.2","6448"
"Dee Gordon","Marlins","29","653","695","201","9","60","16","22","31","9.2","8.5","8203"
"Chris Davis","Orioles","31","456","524","98","1","1","1","1","1","-0.9","2.7","9272"
"Devin Mesoraco","Reds","29","141","165","30","1","1","0","0","0","0.0","4.0","5666"
"Starling Marte","Pirates","28","309","339","85","2","21","4","14","10","2.6","7.1","9241"
"Byron Buxton","Twins","23","462","511","117","6","29","1","16","22","11.7","8.2","14161"
"Yangervis Solarte","Padres","29","466","512","119","0","3","0","8","0","-2.8","2.4","5352"
"Jonathan Lucroy","- - -","31","423","481","112","3","1","0","8","0","-2.8","3.1","7870"
"Jayson Werth","Nationals","38","252","289","57","1","4","3","4","0","1.0","3.8","1327"
"Jason Heyward","Cubs","27","432","481","112","4","4","4","11","2","-0.8","4.3","4940"
"Danny Valencia","Mariners","32","450","500","115","3","2","2","13","0","-5.9","3.3","6364"
"Enrique Hernandez","Dodgers","25","297","342","64","2","3","0","5","2","3.2","5.1","10472"
"Rene Rivera","- - -","33","218","237","55","0","0","1","4","2","-2.9","1.3","3648"
"Chris Young","Red Sox","33","243","276","57","2","3","2","5","0","0.3","4.3","3882"
"Manuel Margot","Padres","22","487","529","128","7","17","7","18","6","1.0","6.1","14712"
"Orlando Arcia","Brewers","22","506","548","140","2","14","7","20","4","0.5","4.1","13185"
"Jorge Polanco","Twins","23","488","544","125","3","13","5","12","14","3.7","4.9","13152"
"Brian Anderson","Marlins","24","84","95","22","1","0","0","0","0","0.3","3.7","18289"
"Luis Valbuena","Angels","31","347","401","69","0","0","2","3","1","-2.4","1.3","4969"
"Jordy Mercer","Pirates","30","502","558","128","5","0","4","12","2","-0.9","2.9","6547"
"Gregor Blanco","Diamondbacks","33","224","256","55","3","15","1","4","7","4.8","8.4","3123"
"Travis d'Arnaud","Mets","28","348","376","85","1","0","0","7","0","-2.0","1.6","7739"
"Keon Broxton","Brewers","27","414","463","91","4","21","7","9","4","1.6","7.4","9253"
"Devon Travis","Blue Jays","26","185","197","48","0","4","2","3","1","-0.1","4.1","13862"
"Yan Gomes","Indians","29","341","383","79","0","0","0","6","3","0.3","1.4","9627"
"Logan Forsythe","Dodgers","30","361","439","81","0","3","2","6","0","0.8","2.8","7185"
"Carlos Asuaje","Padres","25","307","343","83","1","0","1","4","7","-1.8","1.9","15197"
"Wilson Ramos","Rays","29","208","224","54","0","0","0","6","0","-3.1","0.5","1433"
"Yandy Diaz","Indians","25","156","179","41","1","2","0","3","0","0.8","5.4","16578"
"Tommy Joseph","Phillies","25","495","533","119","1","1","0","8","0","-4.4","2.2","10349"
"Jaycob Brugman","Athletics","25","143","162","38","0","1","2","2","2","-0.2","1.3","14936"
"Addison Russell","Cubs","23","352","385","84","3","2","1","9","0","1.0","4.7","14106"
"Ian Desmond","Rockies","31","339","373","93","1","15","4","15","3","0.7","5.6","6885"
"Cameron Rupp","Phillies","28","295","331","64","0","1","0","10","0","-2.6","2.1","11146"
"Shane Peterson","Rays","29","79","88","20","0","2","0","2","0","0.8","4.5","7423"
"Ryan Schimpf","Padres","29","165","197","26","0","0","0","1","0","1.9","1.1","9953"
"Jabari Blash","Padres","27","164","195","35","0","1","2","4","0","-0.5","2.3","11247"
"Gregory Bird","Yankees","24","147","170","28","0","0","0","3","1","-2.2","1.3","14131"
"Patrick Kivlehan","Reds","27","178","204","37","1","1","2","6","0","0.5","3.3","13910"
"Hunter Pence","Giants","34","493","539","128","5","2","3","21","0","2.7","3.6","8252"
"Victor Martinez","Tigers","38","392","435","100","0","0","0","2","1","-6.6","0.9","393"
"J.P. Crawford","Phillies","22","70","87","15","1","1","0","1","0","-0.1","5.5","15491"
"Kevin Pillar","Blue Jays","28","587","632","150","1","15","6","14","4","1.0","4.4","12434"
"Mike Napoli","Rangers","35","425","485","82","1","1","2","4","0","-2.1","2.7","3057"
"Dusty Coleman","Padres","30","66","71","15","0","1","0","1","1","0.5","3.2","8979"
"Ehire Adrianza","Twins","27","162","186","43","2","8","1","2","4","3.6","7.8","8418"
"Ben Zobrist","Cubs","36","435","496","101","3","2","2","9","3","-1.9","3.6","7435"
"Willy Garcia","White Sox","24","105","119","25","3","0","0","4","1","-0.8","4.4","12956"
"Brandon Crawford","Giants","30","518","570","131","1","3","5","7","1","-1.3","2.5","5343"
"Kaleb Cowart","Angels","25","102","117","23","1","4","2","3","3","0.8","7.1","11494"
"Brandon Moss","Royals","33","362","401","75","0","2","0","1","0","-0.1","2.3","4467"
"Mallex Smith","Rays","24","256","282","69","4","16","5","12","20","3.1","7.2","13608"
"Cameron Maybin","- - -","30","395","450","90","2","33","8","13","5","4.5","6.9","5223"
"Nick Ahmed","Diamondbacks","27","167","178","42","1","3","4","7","0","-0.7","4.8","12147"
"Jason Kipnis","Indians","30","336","373","78","0","6","2","8","2","3.5","3.8","9776"
"Kevan Smith","White Sox","29","276","294","78","0","0","0","4","4","-2.6","0.9","12284"
"Stephen Vogt","- - -","32","279","303","65","1","0","1","5","1","-2.4","1.7","5000"
"Bradley Zimmer","Indians","24","299","332","72","2","18","1","9","11","6.7","7.0","16221"
"Caleb Joseph","Orioles","31","254","266","65","1","0","0","4","1","-0.3","2.4","7087"
"Jarrett Parker","Giants","28","166","177","41","2","2","1","3","0","0.7","4.6","11624"
"Clint Frazier","Yankees","22","134","142","31","4","1","0","1","0","0.5","6.1","15983"
"Abraham Almonte","Indians","28","172","195","40","3","2","1","6","1","1.5","6.1","5486"
"Hernan Perez","Brewers","26","432","458","112","3","13","4","14","7","2.3","5.3","5751"
"Freddy Galvis","Phillies","27","608","663","155","6","14","5","14","13","0.9","5.3","6609"
"Gregory Polanco","Pirates","25","379","411","95","0","8","1","8","0","3.0","3.7","12907"
"Matt Davidson","White Sox","26","414","443","91","1","0","1","2","0","-4.1","1.8","7226"
"Ronald Torreyes","Yankees","24","315","336","92","1","2","0","16","8","0.3","3.5","11400"
"Rickie Weeks Jr.","Rays","34","97","112","21","0","1","0","0","0","0.9","3.7","1849"
"Jesus Sucre","Rays","29","176","192","45","0","2","0","1","2","-0.6","3.5","5942"
"Bruce Maxwell","Athletics","26","219","253","52","0","0","0","1","1","-3.1","0.9","13866"
"Jarrod Dyson","Mariners","32","346","390","87","3","28","7","13","20","5.6","7.5","4866"
"Sam Travis","Red Sox","23","76","83","20","0","1","0","4","0","0.0","4.9","16263"
"Franchy Cordero","Padres","22","92","99","21","3","1","1","2","1","1.4","6.6","14567"
"Mark Trumbo","Orioles","31","559","603","131","0","1","0","16","0","-0.9","2.5","6876"
"Jose Bautista","Blue Jays","36","587","686","119","0","6","3","13","0","-4.9","3.4","1887"
"Carlos Ruiz","Mariners","38","125","145","27","0","1","0","3","1","-0.6","3.0","2579"
"Adeiny Hechavarria","- - -","28","330","348","86","5","4","1","5","6","0.6","5.7","10459"
"Brad Miller","Rays","27","338","407","68","3","5","3","8","2","-0.6","4.6","12775"
"A.J. Ellis","Marlins","36","143","163","30","0","0","0","4","5","-1.8","1.4","5677"
"Wilmer Difo","Nationals","25","332","365","90","4","10","1","12","12","3.4","6.9","14320"
"Brandon Guyer","Indians","31","165","192","39","1","2","0","6","3","0.0","5.4","2636"
"Jose Osuna","Pirates","24","215","227","50","4","0","0","5","0","-1.3","4.9","12937"
"Troy Tulowitzki","Blue Jays","32","241","260","60","0","0","1","8","0","-3.5","0.6","3531"
"Maikel Franco","Phillies","24","575","623","132","1","0","0","7","0","-3.2","1.5","12179"
"Derek Fisher","Astros","23","146","166","31","1","3","3","2","2","-1.3","5.0","16192"
"Erik Gonzalez","Indians","25","110","115","28","0","1","2","6","2","0.0","3.8","13369"
"Aledmys Diaz","Cardinals","26","286","301","74","0","4","1","12","5","-1.2","3.5","15937"
"Roberto Perez","Indians","28","217","248","45","0","0","1","2","6","-1.5","1.3","2900"
"Mac Williamson","Giants","26","68","73","16","0","1","1","5","0","0.1","2.8","14158"
"Nick Hundley","Giants","33","287","303","70","0","0","0","9","2","-0.8","1.1","3376"
"Miguel Montero","- - -","33","185","213","40","0","1","0","0","0","-1.2","2.8","3364"
"Ryan Hanigan","Rockies","36","101","112","27","0","0","0","0","1","-0.4","0.8","4952"
"Tim Anderson","White Sox","24","587","606","151","4","15","1","23","7","3.7","6.2","15172"
"Guillermo Heredia","Mariners","26","386","426","96","0","1","5","13","12","-1.3","2.2","18721"
"Gorkys Hernandez","Giants","29","310","348","79","1","12","4","7","10","3.6","5.3","4146"
"Jonathan Villar","Brewers","26","403","436","97","1","23","8","15","9","2.5","5.4","10071"
"Juan Lagares","Mets","28","252","272","63","2","7","3","7","8","2.7","6.2","5384"
"Ichiro Suzuki","Marlins","43","196","215","50","0","1","1","7","2","0.1","1.9","1101"
"Albert Pujols","Angels","37","593","636","143","0","3","0","4","0","-6.3","2.1","1177"
"Kelby Tomlinson","Giants","27","194","222","50","2","9","1","8","10","1.9","7.2","13005"
"Stephen Drew","Nationals","34","95","106","24","0","0","0","2","0","0.2","1.1","4251"
"Ben Revere","Angels","29","291","308","80","2","21","6","7","1","4.5","6.5","4712"
"Daniel Robertson","Rays","23","218","254","45","2","1","1","4","2","-1.3","3.6","14145"
"Chris Carter","Yankees","30","184","208","37","1","0","0","2","0","-1.4","2.3","9911"
"Jordan Luplow","Pirates","23","78","87","16","1","0","1","1","1","-1.3","3.3","16424"
"Jose Iglesias","Tigers","27","463","489","118","1","7","4","12","5","2.6","4.2","10231"
"Carlos Beltran","Astros","40","467","509","108","0","0","0","18","0","-2.7","1.8","589"
"Amed Rosario","Mets","21","165","170","41","4","7","3","10","0","-0.2","7.0","15518"
"Erick Aybar","Padres","33","333","370","78","1","11","4","11","8","0.5","4.6","4082"
"Tyler Moore","Marlins","30","187","203","43","0","0","0","3","1","-0.5","1.0","7244"
"Matt Reynolds","Mets","26","113","130","26","2","0","1","6","2","-1.2","4.2","13788"
"Adrian Sanchez","Nationals","26","71","75","19","0","0","2","1","3","-0.7","2.7","11338"
"Dominic Smith","Mets","22","167","183","33","0","0","0","4","0","-1.2","0.8","15653"
"Jace Peterson","Braves","27","186","215","40","2","3","0","2","2","1.5","4.9","12325"
"Max Moroff","Pirates","24","120","140","24","1","0","1","1","2","0.3","4.5","14556"
"Jett Bandy","Brewers","27","169","188","35","0","1","0","1","0","-0.2","2.1","12508"
"Peter Bourjos","Rays","30","188","203","42","3","5","4","7","3","0.8","7.1","2578"
"Sandy Leon","Red Sox","28","271","301","61","0","0","0","3","4","-3.7","1.5","5273"
"Rajai Davis","- - -","36","336","366","79","2","29","7","13","3","3.9","8.0","3708"
"Harrison Bader","Cardinals","23","85","92","20","0","2","1","5","1","1.6","3.8","18030"
"Martin Maldonado","Angels","30","429","471","95","1","0","2","5","16","-2.7","2.3","6887"
"Cliff Pennington","Angels","33","194","217","49","0","3","1","4","3","1.0","3.5","3395"
"Ryan Goins","Blue Jays","29","418","459","99","1","3","2","4","10","-0.8","2.7","9807"
"Billy Hamilton","Reds","26","582","633","144","11","59","13","19","24","9.5","9.0","10199"
"Austin Hedges","Padres","24","387","417","83","0","4","1","7","4","-1.0","2.7","12976"
"Ryan Rua","Rangers","27","129","144","28","0","2","2","0","1","-0.9","3.3","12409"
"Zack Granite","Twins","24","93","107","22","0","2","2","1","2","-1.5","3.5","15343"
"Hector Sanchez","Padres","27","137","143","30","0","0","0","0","0","-0.8","0.9","10289"
"Dansby Swanson","Braves","23","488","551","113","2","3","3","14","1","1.6","3.2","18314"
"Mark Canha","Athletics","28","173","187","36","1","2","0","3","0","-0.4","5.0","11445"
"Adrian Gonzalez","Dodgers","35","231","252","56","0","0","1","4","0","-3.6","0.9","1908"
"Andrew Romine","Tigers","31","318","348","74","2","6","4","7","3","-1.1","5.5","1159"
"Martin Prado","Marlins","33","140","147","35","0","0","0","1","0","-1.3","1.3","3312"
"Tony Wolters","Rockies","25","229","266","55","1","0","1","5","4","-1.3","2.7","11470"
"Dixon Machado","Tigers","25","166","181","43","1","1","0","7","3","-2.5","3.9","11472"
"Matt Wieters","Nationals","31","422","465","95","0","1","0","8","0","-3.5","2.0","4298"
"Jose Peraza","Reds","23","487","518","126","4","23","8","16","9","2.8","5.8","13593"
"Rougned Odor","Rangers","23","607","651","124","3","15","6","9","6","2.0","5.6","12282"
"Chris Herrmann","Diamondbacks","29","226","256","41","0","5","0","3","1","2.6","5.0","9284"
"Derek Norris","Rays","28","179","198","36","0","1","0","2","0","-0.8","2.9","6867"
"Pablo Sandoval","- - -","30","259","279","57","0","0","1","3","0","-1.8","1.6","5409"
"Tomas Telis","Marlins","26","104","111","25","3","0","0","2","0","0.2","4.9","10067"
"J.T. Riddle","Marlins","25","228","247","57","1","0","2","6","5","-1.2","2.4","17642"
"Joey Rickard","Orioles","26","261","277","63","0","8","1","10","9","2.5","5.0","13277"
"Alex Gordon","Royals","33","476","541","99","2","7","4","6","4","0.9","4.3","5209"
"Tyler Collins","Tigers","27","150","169","29","1","0","4","2","1","-1.3","4.0","12723"
"Daniel Robertson","Indians","31","80","88","18","1","0","1","4","2","-1.7","4.0","6266"
"Alcides Escobar","Royals","30","599","629","150","5","4","7","12","13","3.5","4.3","6310"
"Adonis Garcia","Braves","32","173","183","41","0","4","0","7","1","-0.1","4.6","13777"
"Hyun Soo Kim","- - -","29","212","239","49","1","0","0","2","2","0.3","2.2","18718"
"Rey Fuentes","Diamondbacks","26","136","145","32","2","4","1","5","3","0.9","7.2","10329"
"Alexi Amarista","Rockies","28","168","176","40","0","1","0","2","1","-1.3","3.8","9063"
"Drew Butera","Royals","33","163","177","37","1","0","0","1","1","1.4","2.8","3411"
"Darwin Barney","Blue Jays","31","336","362","78","0","7","2","11","8","-0.9","3.9","2430"
"Jeff Mathis","Diamondbacks","34","186","203","40","2","1","0","0","1","-0.4","4.3","3448"
"Adam Rosales","- - -","34","289","312","65","0","1","2","7","8","0.6","1.9","9682"
"Alen Hanson","- - -","24","217","234","48","3","11","3","7","5","1.4","8.2","12926"
"Cheslor Cuthbert","Royals","24","143","153","33","0","0","0","3","0","0.0","0.8","10473"
"Rio Ruiz","Braves","23","150","173","29","0","1","0","1","0","0.3","3.6","14103"
"Chris Coghlan","Blue Jays","32","75","88","15","0","0","0","0","3","0.0","1.1","6878"
"Dustin Garneau","- - -","29","112","126","21","0","0","0","1","1","1.2","1.1","9433"
"Ruben Tejada","Orioles","27","113","124","26","0","0","0","3","1","-1.6","2.6","5519"
"Brock Stassi","Phillies","27","78","90","13","1","0","0","2","0","-1.2","2.6","12244"
"Franklin Barreto","Athletics","21","71","76","14","2","2","0","3","0","1.2","8.3","15519"
"Trevor Plouffe","- - -","31","283","313","56","0","1","2","4","0","-2.8","2.0","7462"
"Jefry Marte","Angels","26","127","145","22","0","1","0","4","0","-0.6","2.5","5107"
"Ramon Torres","Royals","24","74","79","18","0","1","0","1","0","-0.5","4.4","14113"
"Sean Rodriguez","- - -","32","132","153","22","0","1","0","0","2","0.3","3.6","6589"
"Deven Marrero","Red Sox","26","171","188","36","0","5","0","6","7","0.7","6.0","13325"
"Allen Cordoba","Padres","21","202","227","42","2","2","2","4","5","-0.6","3.9","15722"
"Michael Saunders","- - -","30","218","234","44","2","0","1","4","0","2.2","3.8","9981"
"Brock Holt","Red Sox","29","140","164","28","0","2","1","8","1","-2.2","3.9","9345"
"Richard Urena","Blue Jays","21","68","75","14","0","1","0","0","2","0.4","3.6","16411"
"Mike Aviles","Marlins","36","86","97","20","0","0","0","3","3","-1.8","0.5","5986"
"Ty Kelly","- - -","28","89","105","17","0","0","0","1","4","1.3","2.0","7740"
"Josh Phegley","Athletics","29","149","161","30","0","0","1","2","0","-1.4","2.0","9308"
"Josh Rutledge","Red Sox","28","107","118","24","1","1","0","6","0","1.2","5.0","11167"
"Taylor Motter","Mariners","27","258","280","51","0","12","1","6","1","0.7","5.4","12399"
"Danny Santana","- - -","26","168","178","34","2","7","0","3","8","2.1","8.0","10322"
"Elias Diaz","Pirates","26","188","200","42","0","1","0","2","0","-2.7","3.0","11680"
"J.J. Hardy","Orioles","34","254","268","55","1","0","1","4","2","-2.3","2.6","3797"
"Austin Romine","Yankees","28","229","252","50","1","0","0","4","3","-1.3","2.2","5491"
"Nick Franklin","- - -","26","106","119","19","1","2","0","2","1","0.9","5.4","10166"
"Jared Hoying","Rangers","28","72","77","16","0","3","0","1","1","2.0","6.4","10882"
"Andres Blanco","Phillies","33","130","144","25","0","1","0","0","1","0.8","2.5","1907"
"Giovanny Urshela","Indians","25","156","165","35","0","0","0","3","1","-2.1","1.5","10681"
"Jurickson Profar","Rangers","24","58","70","10","0","1","1","3","2","0.7","3.6","10815"
"Christian Arroyo","Giants","22","125","135","24","0","1","2","2","0","-1.1","1.9","16434"
"Travis Jankowski","Padres","26","75","87","14","0","4","0","1","7","1.4","6.1","13768"
"Jose Lobaton","Nationals","32","141","158","24","0","0","0","0","2","0.2","0.8","4243"
"Danny Espinosa","- - -","30","266","295","46","0","4","5","4","9","-1.5","3.5","9219"
"Gavin Cecchini","Mets","23","77","82","16","0","0","1","0","0","-0.7","1.2","17005"
"Adam Engel","White Sox","25","301","336","50","3","8","1","13","15","4.3","7.4","15082"
"Zack Greinke","Diamondbacks","33","62","70","13","0","0","0","2","5","0.0","1.2","1943"
"Eric Fryer","Cardinals","31","71","83","11","0","0","0","1","0","-1.1","1.5","8145"
"JaCoby Jones","Tigers","25","141","154","24","1","6","2","1","1","-0.1","6.9","14818"
"Paulo Orlando","Royals","31","86","90","17","0","1","1","1","1","0.3","3.9","8628"
"Jorge Soler","Royals","25","97","110","14","0","0","0","0","0","-0.9","0.8","14221"
"Aaron Hill","Giants","35","68","80","9","1","0","0","2","0","-0.4","3.5","6104"
"Cam Perkins","Phillies","26","88","97","16","0","0","0","1","2","-0.5","2.0","13444"
"Leonys Martin","- - -","29","128","138","22","1","7","4","2","6","0.2","6.9","11846"
"Ryder Jones","Giants","23","150","164","26","2","1","0","3","1","0.7","5.3","15982"
"Tyler Saladino","White Sox","27","253","281","45","2","5","4","3","5","0.2","5.0","10807"
"Alejandro De Aza","Nationals","33","62","70","12","3","1","0","2","5","1.1","7.8","3371"
"Conor Gillaspie","Giants","29","80","87","13","0","0","0","2","0","0.3","1.9","9009"
"Jacob deGrom","Mets","29","71","77","15","0","1","0","2","4","0.2","3.9","10954"
"Chris Heisey","Nationals","32","74","79","12","1","0","0","2","1","0.5","4.5","3978"
"Carson Kelly","Cardinals","22","69","75","12","0","0","0","2","1","-0.4","1.4","13620"
"Rob Refsnyder","- - -","26","88","98","15","1","4","1","2","0","0.5","6.7","13770"
"Chris Stewart","Pirates","35","131","144","24","2","0","0","2","5","0.2","3.0","3878"
"Luis Torrens","Padres","21","123","139","20","1","0","0","2","3","0.1","2.4","15905"
"Juan Graterol","Angels","28","84","87","17","0","0","0","3","0","-0.5","1.3","5398"
"Max Scherzer","Nationals","32","62","72","10","0","0","0","4","7","0.0","1.0","3137"
"Arismendy Alcantara","Reds","25","105","108","18","1","2","0","1","2","1.0","7.4","10711"
"Stuart Turner","Reds","25","82","89","11","0","0","0","1","1","-1.4","0.4","15207"
"Luke Maile","Blue Jays","26","130","136","19","0","1","0","4","1","0.8","4.0","13355"
"Patrick Corbin","Diamondbacks","27","56","70","7","1","0","0","2","10","0.0","4.9","9323"
"Julio Teheran","Braves","26","57","72","8","0","0","0","2","14","0.0","2.3","6797"
"Gio Gonzalez","Nationals","31","66","75","6","0","0","0","0","9","0.0","1.4","7448"
