"Name","Team","G","AB","PA","HR","R","RBI","SB","BB%","K%","ISO","BABIP","AVG","OBP","SLG","wOBA","wRC+","BsR","Off","Def","WAR","playerid"
"Bryce Harper","Nationals","153","521","654","42","118","99","6","19.0 %","20.0 %",".319",".369",".330",".460",".649",".461","197","3.2","77.3","-8.5","9.5","11579"
"Joey Votto","Reds","158","545","695","29","95","80","11","20.6 %","19.4 %",".228",".371",".314",".459",".541",".427","174","-1.2","58.6","-9.3","7.5","4314"
"Corey Seager","Dodgers","27","98","113","4","17","17","2","12.4 %","16.8 %",".224",".387",".337",".425",".561",".421","175","1.0","10.9","-0.6","1.5","13624"
"Paul Goldschmidt","Diamondbacks","159","567","695","33","103","110","21","17.0 %","21.7 %",".249",".382",".321",".435",".570",".418","163","3.1","54.2","-6.9","7.3","9218"
"Mike Trout","Angels","159","575","682","41","104","90","11","13.5 %","23.2 %",".290",".344",".299",".402",".590",".415","171","3.3","59.0","2.1","8.9","10155"
"Miguel Cabrera","Tigers","119","429","511","18","64","76","1","15.1 %","16.0 %",".196",".384",".338",".440",".534",".413","164","-5.1","33.0","-9.2","4.3","1744"
"Mikie Mahtook","Rays","41","105","115","9","22","19","4","5.2 %","27.0 %",".324",".338",".295",".351",".619",".411","167","1.0","9.9","3.2","1.8","13130"
"Franklin Gutierrez","Mariners","59","171","189","15","27","35","0","7.4 %","28.6 %",".327",".340",".292",".354",".620",".410","167","-0.4","14.4","1.2","2.3","3255"
"Josh Donaldson","Blue Jays","158","620","711","41","122","123","6","10.3 %","18.7 %",".271",".314",".297",".371",".568",".398","154","4.0","48.8","10.7","8.8","5038"
"Ryan Raburn","Indians","82","173","201","8","22","29","0","11.4 %","21.9 %",".243",".361",".301",".393",".543",".397","153","0.4","12.7","-6.7","1.3","2218"
"Nelson Cruz","Mariners","152","590","655","44","90","93","3","9.0 %","25.0 %",".264",".350",".302",".369",".566",".396","158","-2.5","41.4","-17.6","4.8","2434"
"Giancarlo Stanton","Marlins","74","279","318","27","47","67","4","10.7 %","29.9 %",".341",".294",".265",".346",".606",".394","155","1.4","21.8","5.1","3.9","4949"
"Miguel Sano","Twins","80","279","335","18","46","52","1","15.8 %","35.5 %",".262",".396",".269",".385",".530",".392","149","-4.8","14.3","-6.6","2.0","12164"
"Edwin Encarnacion","Blue Jays","146","528","624","39","94","111","3","12.3 %","15.7 %",".280",".267",".277",".372",".557",".392","150","-2.2","34.0","-11.7","4.5","2151"
"Chris Davis","Orioles","160","573","670","47","100","117","2","12.5 %","31.0 %",".300",".319",".262",".361",".562",".390","149","-0.5","37.4","-5.5","5.7","9272"
"Jose Bautista","Blue Jays","153","543","666","40","108","114","8","16.5 %","15.9 %",".285",".237",".250",".377",".536",".389","148","2.3","39.3","-18.9","4.5","1887"
"J.P. Arencibia","Rays","24","71","73","6","9","17","0","1.4 %","30.1 %",".296",".364",".310",".315",".606",".388","151","0.5","4.8","1.2","0.9","697"
"Anthony Rizzo","Cubs","160","586","701","31","94","101","17","11.1 %","15.0 %",".234",".289",".278",".387",".512",".384","145","1.9","38.3","-8.9","5.4","3473"
"Brett Wallace","Padres","64","96","107","5","14","16","0","9.3 %","29.0 %",".219",".400",".302",".374",".521",".383","149","-1.1","5.1","-2.8","0.6","8434"
"Trayce Thompson","White Sox","44","122","135","5","17","16","1","9.6 %","19.3 %",".238",".341",".295",".363",".533",".383","146","1.2","8.5","1.4","1.5","9952"
"Mark Teixeira","Yankees","111","392","462","31","57","79","2","12.8 %","18.4 %",".293",".246",".255",".357",".548",".381","143","-2.9","20.2","-7.7","2.9","1281"
"Chris Colabello","Blue Jays","101","333","360","15","55","54","2","6.1 %","26.7 %",".198",".411",".321",".367",".520",".381","143","-1.7","16.2","-19.9","0.8","13051"
"Andrew McCutchen","Pirates","157","566","685","23","91","96","11","14.3 %","19.4 %",".196",".339",".292",".401",".488",".380","144","-1.1","34.3","-2.5","5.6","9847"
"David Peralta","Diamondbacks","149","462","517","17","61","78","9","8.5 %","20.7 %",".210",".368",".312",".371",".522",".380","137","3.7","26.1","-7.7","3.7","2136"
"David Ortiz","Red Sox","146","528","614","37","73","108","0","12.5 %","15.5 %",".280",".264",".273",".360",".553",".379","139","-5.1","22.4","-15.2","2.9","745"
"Curt Casali","Rays","38","101","113","10","13","18","0","7.1 %","30.1 %",".356",".241",".238",".304",".594",".377","143","-0.4","5.2","1.3","1.1","12510"
"Kyle Blanks","Rangers","18","67","71","3","10","6","1","5.6 %","28.2 %",".209",".409",".313",".352",".522",".376","136","0.5","3.4","1.5","0.8","49"
"Phil Gosselin","- - -","44","106","118","3","19","15","2","7.6 %","13.6 %",".189",".341",".311",".373",".500",".376","136","0.8","5.8","-1.3","0.9","10953"
"Gregory Bird","Yankees","46","157","178","11","26","31","0","10.7 %","29.8 %",".268",".319",".261",".343",".529",".372","137","-0.2","7.5","-4.5","0.9","14131"
"Matt Carpenter","Cardinals","154","574","665","28","101","84","4","12.2 %","22.7 %",".233",".321",".272",".365",".505",".372","139","1.5","32.1","-3.5","5.2","8090"
"J.D. Martinez","Tigers","158","596","657","38","93","102","3","8.1 %","27.1 %",".253",".339",".282",".344",".535",".372","136","-2.2","25.4","-0.1","5.0","6184"
"Andres Blanco","Phillies","106","233","261","7","32","25","1","8.0 %","16.9 %",".210",".335",".292",".360",".502",".372","137","-2.1","9.1","-3.0","1.5","1907"
"Justin Turner","Dodgers","126","385","439","16","55","60","5","8.2 %","16.2 %",".197",".321",".294",".370",".491",".371","141","0.2","21.1","3.0","4.0","5235"
"Nolan Arenado","Rockies","157","616","665","42","97","130","2","5.1 %","16.5 %",".287",".284",".287",".323",".575",".371","121","-0.9","15.5","7.6","4.7","9777"
"Corey Dickerson","Rockies","65","224","234","10","30","31","0","4.3 %","23.9 %",".232",".367",".304",".333",".536",".371","121","-1.4","4.3","-6.5","0.5","10762"
"A.J. Pollock","Diamondbacks","157","609","673","20","111","76","39","7.9 %","13.2 %",".182",".338",".315",".367",".498",".371","131","7.0","31.3","8.7","6.5","9256"
"Kris Bryant","Cubs","151","559","650","26","87","99","13","11.8 %","30.6 %",".213",".378",".275",".369",".488",".371","136","7.1","34.0","7.1","6.5","15429"
"Devon Travis","Blue Jays","62","217","238","8","38","35","3","7.6 %","18.1 %",".194",".347",".304",".361",".498",".370","136","1.2","11.0","3.0","2.3","13862"
"Manny Machado","Orioles","162","633","713","35","102","86","20","9.8 %","15.6 %",".216",".297",".286",".359",".502",".370","135","1.1","30.3","11.2","6.9","11493"
"Randal Grichuk","Cardinals","103","323","350","17","49","47","4","6.3 %","31.4 %",".272",".365",".276",".329",".548",".370","138","1.9","17.4","1.1","3.1","10243"
"Michael Brantley","Indians","137","529","596","15","68","84","15","10.1 %","8.6 %",".170",".318",".310",".379",".480",".368","133","1.4","23.9","-9.1","3.6","4106"
"Yoenis Cespedes","- - -","159","633","676","35","101","105","7","4.9 %","20.9 %",".251",".323",".291",".328",".542",".367","135","3.4","30.7","10.6","6.7","13110"
"Danny Valencia","- - -","105","345","378","18","59","66","2","7.7 %","21.2 %",".229",".329",".290",".345",".519",".367","135","-4.3","11.0","-2.6","2.2","6364"
"Andre Ethier","Dodgers","142","395","445","14","54","53","2","9.7 %","16.9 %",".192",".330",".294",".366",".486",".366","137","-2.1","17.2","-3.5","2.9","6265"
"Ryan Braun","Brewers","140","506","568","25","87","84","24","9.5 %","20.2 %",".213",".322",".285",".356",".498",".366","131","2.0","22.2","-12.2","2.9","3410"
"Carlos Correa","Astros","99","387","432","22","52","68","14","9.3 %","18.1 %",".233",".296",".279",".345",".512",".365","136","2.0","20.1","-1.6","3.5","14162"
"Shin-Soo Choo","Rangers","149","555","653","22","94","82","4","11.6 %","22.5 %",".187",".335",".276",".375",".463",".365","128","1.8","23.2","-10.5","3.6","3174"
"Kyle Schwarber","Cubs","69","232","273","16","52","43","3","13.2 %","28.2 %",".241",".293",".246",".355",".487",".364","131","2.5","12.3","-3.4","1.8","16478"
"John Jaso","Rays","70","185","216","5","23","22","1","13.0 %","18.1 %",".173",".336",".286",".380",".459",".364","135","-4.5","4.2","-5.3","0.6","5887"
"Kendrys Morales","Royals","158","569","639","22","81","106","0","9.1 %","16.1 %",".195",".319",".290",".362",".485",".364","131","-8.2","14.4","-16.2","2.0","8610"
"Stephen Piscotty","Cardinals","63","233","256","7","29","39","2","7.8 %","21.9 %",".189",".372",".305",".359",".494",".364","134","-1.3","8.7","-6.0","1.1","13367"
"Freddie Freeman","Braves","118","416","481","18","62","66","3","11.6 %","20.4 %",".195",".321",".276",".370",".471",".364","132","2.8","20.5","-3.9","3.4","5361"
"Carlos Gonzalez","Rockies","153","554","608","40","87","97","2","7.6 %","21.9 %",".269",".284",".271",".325",".540",".364","116","1.3","12.6","-8.1","2.5","7287"
"Buster Posey","Giants","150","557","623","19","74","95","2","9.0 %","8.3 %",".153",".320",".318",".379",".470",".363","135","-1.8","23.7","8.2","5.4","9166"
"Joe Panik","Giants","100","382","432","8","59","37","3","8.8 %","9.7 %",".144",".330",".312",".378",".455",".363","135","0.5","17.9","6.8","4.0","11936"
"Jose Abreu","White Sox","154","613","668","30","88","101","0","5.8 %","21.0 %",".212",".333",".290",".347",".502",".361","131","-1.0","23.1","-14.8","3.2","15676"
"Alex Rodriguez","Yankees","151","523","620","33","83","86","4","13.5 %","23.4 %",".235",".278",".250",".356",".486",".361","129","-0.6","20.4","-15.2","2.7","1274"
"George Springer","Astros","102","388","451","16","59","41","16","11.1 %","24.2 %",".183",".342",".276",".367",".459",".360","133","5.3","22.5","-0.7","3.9","12856"
"Prince Fielder","Rangers","158","613","693","23","78","98","0","9.2 %","12.7 %",".158",".323",".305",".378",".463",".360","125","-6.6","13.7","-20.0","1.7","4613"
"Lorenzo Cain","Royals","140","551","604","16","101","72","28","6.1 %","16.2 %",".171",".347",".307",".361",".477",".360","128","6.2","25.9","15.7","6.5","9077"
"Maikel Franco","Phillies","80","304","335","14","45","50","1","7.8 %","15.5 %",".217",".297",".280",".343",".497",".360","129","-0.7","10.4","-6.3","1.5","12179"
"Michael Conforto","Mets","56","174","194","9","30","26","0","8.8 %","20.1 %",".236",".297",".270",".335",".506",".359","133","0.6","8.1","5.5","2.1","16376"
"Brandon Belt","Giants","137","492","556","18","73","68","9","10.1 %","26.4 %",".197",".363",".280",".356",".478",".359","132","1.5","22.3","-1.2","4.1","10264"
"Lucas Duda","Mets","135","471","554","27","67","73","0","11.9 %","24.9 %",".242",".285",".244",".352",".486",".359","132","0.1","21.0","-10.0","3.0","2502"
"David Wright","Mets","38","152","174","5","24","17","2","12.6 %","20.7 %",".145",".351",".289",".379",".434",".359","132","-0.1","6.5","-3.5","0.9","3787"
"Enrique Hernandez","Dodgers","76","202","218","7","24","22","0","5.0 %","21.1 %",".183",".364",".307",".346",".490",".359","132","-1.2","6.9","2.5","1.7","10472"
"Francisco Lindor","Indians","99","390","438","12","50","51","12","6.2 %","15.8 %",".169",".348",".313",".353",".482",".358","126","-0.6","12.4","14.9","4.4","12916"
"Curtis Granderson","Mets","157","580","682","26","98","70","11","13.3 %","22.1 %",".198",".305",".259",".364",".457",".357","131","2.5","27.2","-0.7","5.1","4747"
"Jung Ho Kang","Pirates","126","421","467","15","60","58","5","6.0 %","21.2 %",".173",".344",".287",".355",".461",".356","128","3.4","18.4","2.9","3.8","17182"
"Travis d'Arnaud","Mets","67","239","268","12","31","41","0","8.6 %","18.3 %",".218",".289",".268",".340",".485",".355","130","0.1","9.5","3.9","2.3","7739"
"Jackie Bradley Jr.","Red Sox","74","221","255","10","43","43","3","10.6 %","27.1 %",".249",".310",".249",".335",".498",".355","123","-0.1","6.6","8.5","2.5","12984"
"Jason Kipnis","Indians","141","565","641","9","86","52","12","8.9 %","16.7 %",".149",".356",".303",".372",".451",".355","124","3.4","21.0","4.5","4.9","9776"
"Eric Hosmer","Royals","158","599","667","18","98","93","7","9.1 %","16.2 %",".162",".336",".297",".363",".459",".355","124","3.1","21.7","-11.0","3.5","3516"
"Adrian Gonzalez","Dodgers","156","571","643","28","76","90","0","9.6 %","16.6 %",".205",".294",".275",".350",".480",".354","129","-5.6","16.1","-7.5","3.0","1908"
"Jason Rogers","Brewers","86","152","169","4","22","16","0","8.9 %","20.1 %",".145",".360",".296",".367",".441",".354","122","0.6","5.0","-3.2","0.8","11773"
"Aaron Altherr","Phillies","39","137","161","5","25","22","6","9.9 %","25.5 %",".248",".301",".241",".338",".489",".353","124","0.9","5.5","6.0","1.8","11270"
"Khris Davis","Brewers","121","392","440","27","54","66","6","10.0 %","27.7 %",".258",".285",".247",".323",".505",".353","122","-1.1","10.2","-10.5","1.4","9112"
"Mike Moustakas","Royals","147","549","614","22","73","82","1","7.0 %","12.4 %",".186",".294",".284",".348",".470",".353","123","-5.4","11.2","3.7","3.7","4892"
"Chris Gimenez","Rangers","36","98","113","5","19","14","2","8.8 %","16.8 %",".235",".270",".255",".330",".490",".353","120","1.2","3.8","0.4","0.8","7324"
"Justin Morneau","Rockies","49","168","182","3","19","15","0","7.1 %","13.7 %",".149",".350",".310",".363",".458",".353","109","0.9","2.7","-3.7","0.5","1737"
"Tommy Pham","Cardinals","52","153","173","5","28","18","2","11.0 %","23.7 %",".209",".333",".268",".347",".477",".352","126","3.3","8.5","0.8","1.6","2967"
"Mookie Betts","Red Sox","145","597","654","18","92","77","21","7.0 %","12.5 %",".188",".310",".291",".341",".479",".351","120","8.3","23.5","1.3","4.9","13611"
"Matt Holliday","Cardinals","73","229","277","4","24","35","2","14.1 %","17.7 %",".131",".335",".279",".394",".410",".351","125","-3.5","4.6","-4.4","0.9","1873"
"Alex Gordon","Royals","104","354","422","13","40","48","2","11.6 %","21.8 %",".161",".327",".271",".377",".432",".351","122","-0.6","10.0","2.2","2.8","5209"
"Adam Lind","Brewers","149","502","572","20","72","87","0","11.5 %","17.5 %",".183",".309",".277",".360",".460",".351","120","-3.1","10.3","-6.3","2.3","8027"
"Logan Forsythe","Rays","153","540","615","17","69","68","9","8.9 %","18.0 %",".163",".323",".281",".359",".444",".350","125","-1.7","16.0","1.8","4.0","7185"
"Ben Zobrist","- - -","126","467","535","13","76","56","3","11.6 %","10.5 %",".173",".288",".276",".359",".450",".349","122","-0.9","12.9","-11.5","2.0","7435"
"Justin Ruggiano","- - -","57","125","141","6","20","15","5","9.9 %","29.1 %",".224",".321",".248",".333",".472",".349","125","0.6","4.7","-4.1","0.5","7620"
"Travis Shaw","Red Sox","65","226","248","13","31","36","0","7.3 %","23.0 %",".217",".304",".270",".327",".487",".348","118","0.9","6.0","0.6","1.6","11982"
"Yunel Escobar","Nationals","139","535","591","9","75","56","2","7.6 %","11.8 %",".101",".347",".314",".375",".415",".348","120","-6.3","7.2","-6.1","2.1","4191"
"Denard Span","Nationals","61","246","275","5","38","22","11","9.1 %","9.5 %",".130",".318",".301",".365",".431",".348","120","2.5","8.9","-4.0","1.4","8347"
"Nick Hundley","Rockies","103","366","389","10","45","43","5","5.4 %","19.5 %",".167",".356",".301",".339",".467",".348","105","-1.6","0.7","9.4","2.4","3376"
"Mitch Moreland","Rangers","132","471","515","23","51","85","1","6.2 %","21.7 %",".204",".317",".278",".330",".482",".348","117","-0.7","9.1","-4.9","2.2","3086"
"Hunter Pence","Giants","52","207","223","9","30","40","4","7.2 %","21.5 %",".203",".320",".275",".327",".478",".347","124","-1.3","5.0","2.5","1.5","8252"
"Jose Altuve","Astros","154","638","689","15","86","66","38","4.8 %","9.7 %",".146",".329",".313",".353",".459",".347","124","-3.7","15.3","5.4","4.6","5417"
"Dustin Pedroia","Red Sox","93","381","425","12","46","42","2","8.9 %","12.0 %",".150",".308",".291",".356",".441",".347","117","-1.1","7.1","3.4","2.6","8370"
"Carlos Beltran","Yankees","133","478","531","19","57","67","0","8.5 %","16.0 %",".195",".297",".276",".337",".471",".346","119","-0.4","11.4","-10.4","1.9","589"
"Adam Eaton","White Sox","153","610","689","14","98","56","18","8.4 %","19.0 %",".144",".345",".287",".361",".431",".346","121","5.5","22.2","-8.8","3.8","11205"
"Derek Dietrich","Marlins","90","250","289","10","38","24","0","8.0 %","22.5 %",".200",".303",".256",".346",".456",".346","122","0.1","7.5","-11.0","0.6","10542"
"Jason Heyward","Cardinals","154","547","610","13","79","60","23","9.2 %","14.8 %",".146",".329",".293",".359",".439",".346","121","7.0","22.0","16.4","6.1","4940"
"Charlie Blackmon","Rockies","157","614","682","17","93","58","43","6.7 %","16.4 %",".163",".325",".287",".347",".450",".345","103","3.2","5.7","-5.7","2.3","7859"
"Matt den Dekker","Nationals","55","99","110","5","12","12","0","8.2 %","18.2 %",".232",".270",".253",".315",".485",".343","116","0.3","2.4","-2.1","0.4","11385"
"Christian Yelich","Marlins","126","476","525","7","63","44","16","9.0 %","19.2 %",".116",".370",".300",".366",".416",".343","120","1.9","14.0","-7.3","2.4","11477"
"Justin Bour","Marlins","129","409","446","23","42","73","0","7.6 %","22.6 %",".218",".294",".262",".321",".479",".343","119","-7.0","3.1","-12.9","0.4","9744"
"Todd Frazier","Reds","157","619","678","35","82","89","13","6.5 %","20.2 %",".242",".271",".255",".309",".498",".342","116","-0.6","11.9","9.6","4.5","785"
"Brandon Guyer","Rays","128","332","385","8","51","28","10","6.5 %","15.8 %",".148",".303",".265",".359",".413",".342","120","0.3","9.1","0.2","2.3","2636"
"Francisco Cervelli","Pirates","130","451","510","7","56","43","1","9.0 %","18.4 %",".106",".359",".295",".370",".401",".341","117","-0.7","9.5","9.3","3.7","5275"
"Clint Robinson","Nationals","126","309","352","10","44","34","0","10.5 %","14.8 %",".152",".298",".272",".358",".424",".340","114","-2.2","3.7","-10.6","0.4","6908"
"Russell Martin","Blue Jays","129","441","507","23","76","77","4","10.5 %","20.9 %",".218",".262",".240",".329",".458",".340","115","-4.6","4.0","12.2","3.5","4616"
"Justin Upton","Padres","150","542","620","26","85","81","19","11.0 %","25.6 %",".203",".304",".251",".336",".454",".340","119","4.6","18.6","-4.6","3.5","5222"
"Colby Rasmus","Astros","137","432","485","25","67","61","2","9.7 %","31.8 %",".236",".305",".238",".314",".475",".339","118","5.2","15.5","-3.0","3.0","9893"
"Ben Paulsen","Rockies","116","325","354","11","42","49","1","6.5 %","26.0 %",".185",".351",".277",".326",".462",".339","99","0.9","0.4","-3.5","0.8","9741"
"Josh Reddick","Athletics","149","526","582","20","67","77","10","8.4 %","11.2 %",".177",".278",".272",".333",".449",".338","116","5.1","16.1","-8.0","2.9","3892"
"Xander Bogaerts","Red Sox","156","613","654","7","84","81","10","4.9 %","15.4 %",".101",".372",".320",".355",".421",".338","111","3.7","11.8","8.0","4.4","12161"
"Jonathan Schoop","Orioles","86","305","321","15","34","39","2","2.8 %","24.6 %",".203",".329",".279",".306",".482",".338","113","-3.1","1.7","-3.8","0.9","11265"
"Chris Coghlan","Cubs","148","440","503","16","64","41","11","11.5 %","18.7 %",".193",".284",".250",".341",".443",".337","113","3.2","10.6","4.2","3.2","6878"
"Starling Marte","Pirates","153","579","633","19","84","81","30","4.3 %","19.4 %",".157",".333",".287",".337",".444",".337","115","-1.2","9.7","2.8","3.4","9241"
"Adrian Beltre","Rangers","143","567","619","18","83","83","1","6.6 %","10.5 %",".166",".295",".287",".334",".453",".337","109","3.9","10.5","13.8","4.7","639"
"Gregor Blanco","Giants","115","327","372","5","59","26","13","10.8 %","15.9 %",".122",".338",".291",".368",".413",".337","117","4.2","11.6","-2.6","2.2","3123"
"Dee Gordon","Marlins","145","615","653","4","88","46","58","3.8 %","13.9 %",".085",".383",".333",".359",".418",".337","116","4.9","16.7","8.6","4.8","8203"
"Domingo Santana","- - -","52","160","187","8","20","26","4","10.7 %","33.7 %",".194",".330",".238",".337",".431",".336","112","2.5","5.1","-6.6","0.5","10348"
"Adam Duvall","Reds","27","64","72","5","6","9","0","8.3 %","36.1 %",".266",".273",".219",".306",".484",".336","112","1.1","2.1","1.5","0.6","10950"
"A.J. Ellis","Dodgers","63","181","217","7","24","21","0","14.7 %","17.5 %",".166",".265",".238",".355",".403",".336","116","-2.9","1.2","5.2","1.4","5677"
"Adonis Garcia","Braves","58","191","198","10","20","26","0","2.5 %","17.7 %",".220",".291",".277",".293",".497",".336","112","-2.1","0.8","1.1","0.9","13777"
"Stephen Vogt","Athletics","136","445","511","18","58","71","0","11.0 %","19.0 %",".182",".290",".261",".341",".443",".335","114","-4.4","4.0","0.4","2.2","5000"
"Robinson Cano","Mariners","156","624","674","21","82","79","2","6.4 %","15.9 %",".159",".316",".287",".334",".446",".335","116","-8.5","4.0","-6.3","2.1","3269"
"Kelby Tomlinson","Giants","54","178","193","2","23","20","5","7.3 %","20.7 %",".101",".382",".303",".358",".404",".335","116","1.3","4.8","-0.1","1.1","13005"
"Yasmani Grandal","Dodgers","115","355","426","16","43","47","0","15.3 %","21.6 %",".169",".268",".234",".353",".403",".335","116","-4.7","3.0","5.2","2.3","11368"
"Joc Pederson","Dodgers","151","480","585","26","67","54","4","15.7 %","29.1 %",".206",".262",".210",".346",".417",".335","116","-0.1","10.5","-1.8","2.9","11899"
"Troy Tulowitzki","- - -","128","486","534","17","77","70","1","7.1 %","21.3 %",".160",".331",".280",".337",".440",".335","101","-4.0","-3.2","9.1","2.4","3531"
"Ian Kinsler","Tigers","154","624","675","11","94","73","10","6.4 %","11.9 %",".131",".323",".296",".342",".428",".335","110","0.6","8.5","8.4","4.1","6195"
"Kyle Seager","Mariners","161","623","686","26","85","74","6","7.9 %","14.3 %",".185",".278",".266",".328",".451",".335","115","-3.0","9.3","5.0","3.9","9785"
"Adam Jones","Orioles","137","546","581","27","74","82","3","4.1 %","17.6 %",".205",".286",".269",".308",".474",".334","111","0.3","7.4","8.8","3.7","6368"
"Gerardo Parra","- - -","155","547","589","14","83","51","14","4.8 %","15.6 %",".161",".325",".291",".328",".452",".334","109","2.0","8.4","-22.1","0.5","8553"
"Wil Myers","Padres","60","225","253","8","40","29","5","10.7 %","21.7 %",".173",".302",".253",".336",".427",".334","115","1.2","5.8","-7.7","0.6","10047"
"Rougned Odor","Rangers","120","426","470","16","54","61","6","4.9 %","16.8 %",".204",".283",".261",".316",".465",".334","107","1.7","5.4","1.4","2.3","12282"
"Odubel Herrera","Phillies","147","495","537","8","64","41","16","5.2 %","24.0 %",".121",".387",".297",".344",".418",".333","111","2.1","8.7","11.7","3.9","11476"
"Albert Pujols","Angels","157","602","661","40","85","95","5","7.6 %","10.9 %",".236",".217",".244",".307",".480",".333","114","-4.9","5.9","-10.2","1.8","1177"
"A.J. Pierzynski","Braves","113","407","436","9","38","49","0","4.4 %","8.5 %",".130",".310",".300",".339",".430",".333","111","-4.7","0.7","4.7","2.0","746"
"Dexter Fowler","Cubs","156","596","690","17","102","46","20","12.2 %","22.3 %",".161",".308",".250",".346",".411",".333","109","0.2","7.8","0.6","3.2","4062"
"Pedro Alvarez","Pirates","150","437","491","27","60","77","2","9.8 %","26.7 %",".227",".279",".243",".318",".469",".333","112","1.8","8.4","-22.6","0.1","2495"
"Chris Young","Yankees","140","318","356","14","53","42","3","8.4 %","20.5 %",".201",".283",".252",".320",".453",".332","110","0.0","3.9","-4.3","1.2","3882"
"Robinson Chirinos","Rangers","78","233","273","10","33","34","0","10.3 %","22.7 %",".206",".270",".232",".325",".438",".332","106","-1.9","-0.2","5.5","1.5","3142"
"Brandon Crawford","Giants","143","507","561","21","65","84","6","7.0 %","21.2 %",".205",".294",".256",".321",".462",".332","113","-1.4","7.4","17.1","4.5","5343"
"Seth Smith","Mariners","136","395","452","12","54","42","0","10.4 %","21.9 %",".195",".298",".248",".330",".443",".331","113","-1.4","5.6","0.6","2.2","7331"
"Matt Duffy","Giants","149","573","612","12","77","77","12","4.9 %","15.7 %",".133",".336",".295",".334",".428",".331","113","4.4","13.7","11.5","4.7","13836"
"Roberto Perez","Indians","70","184","226","7","30","21","0","14.6 %","28.3 %",".174",".304",".228",".348",".402",".331","107","-1.2","0.6","7.5","1.6","2900"
"Carlos Santana","Indians","154","550","666","19","72","85","11","16.2 %","18.3 %",".164",".261",".231",".357",".395",".331","107","1.3","6.6","-8.3","2.1","2396"
"Justin Smoak","Blue Jays","132","296","328","18","44","59","0","8.8 %","26.2 %",".243",".254",".226",".299",".470",".331","108","-3.7","-0.7","-4.1","0.6","9054"
"Ketel Marte","Mariners","57","219","247","2","25","17","8","9.7 %","17.4 %",".119",".341",".283",".351",".402",".330","112","0.6","4.1","4.1","1.7","13613"
"Cole Gillespie","Marlins","67","145","157","2","17","16","4","6.4 %","17.2 %",".138",".342",".290",".333",".428",".330","111","0.9","2.9","-8.2","0.0","5888"
"Marwin Gonzalez","Astros","120","344","370","12","44","34","4","4.3 %","20.0 %",".163",".326",".279",".317",".442",".329","111","-1.7","3.1","0.6","1.7","5497"
"Ryan Zimmerman","Nationals","95","346","390","16","43","73","1","8.5 %","20.3 %",".217",".268",".249",".308",".465",".329","106","-0.3","2.7","-9.0","0.6","4220"
"Hank Conger","Astros","73","201","229","11","25","33","0","10.0 %","27.5 %",".219",".271",".229",".311",".448",".329","111","-3.2","-0.3","-1.6","0.6","2505"
"Miguel Montero","Cubs","113","347","403","15","36","53","1","12.2 %","25.6 %",".161",".306",".248",".345",".409",".328","107","-2.6","0.5","6.0","2.0","3364"
"Eduardo Nunez","Twins","72","188","204","4","23","20","8","5.9 %","14.2 %",".149",".314",".282",".327",".431",".328","105","0.9","2.2","1.2","1.1","6848"
"Eugenio Suarez","Reds","97","372","398","13","42","48","4","4.3 %","23.6 %",".167",".341",".280",".315",".446",".328","106","-0.9","2.1","-8.5","0.6","12552"
"Yasiel Puig","Dodgers","79","282","311","11","30","38","3","8.4 %","21.2 %",".181",".296",".255",".322",".436",".328","111","1.7","5.7","-1.2","1.5","14225"
"Zack Cozart","Reds","53","194","214","9","28","28","3","6.5 %","13.6 %",".201",".258",".258",".310",".459",".328","106","0.3","1.8","4.4","1.4","2616"
"Jonathan Villar","Astros","53","116","128","2","18","11","7","7.8 %","22.7 %",".129",".360",".284",".339",".414",".328","111","0.2","1.7","-3.5","0.3","10071"
"DJ LeMahieu","Rockies","150","564","620","6","85","61","23","8.1 %","17.3 %",".087",".362",".301",".358",".388",".327","91","3.2","-3.3","2.8","2.0","9874"
"Mark Trumbo","- - -","142","508","545","22","62","64","0","6.6 %","24.2 %",".187",".313",".262",".310",".449",".327","107","-2.4","2.2","-9.7","1.1","6876"
"Brett Gardner","Yankees","151","571","656","16","94","66","20","10.4 %","20.6 %",".140",".312",".259",".343",".399",".327","106","5.5","9.9","-7.0","2.6","9927"
"Nick Markakis","Braves","156","612","686","3","73","53","2","10.2 %","12.1 %",".080",".338",".296",".370",".376",".327","106","-1.7","3.4","-10.8","1.5","5930"
"Yonder Alonso","Padres","103","354","402","5","50","31","2","10.4 %","11.9 %",".099",".313",".282",".361",".381",".327","110","-2.4","2.5","-4.8","1.1","2530"
"Brian McCann","Yankees","135","465","535","26","68","94","0","9.7 %","18.1 %",".204",".235",".232",".320",".437",".327","106","-3.2","0.3","10.2","3.0","4810"
"Evan Longoria","Rays","160","604","670","21","74","73","3","7.6 %","19.7 %",".166",".309",".270",".328",".435",".327","109","1.5","8.4","8.1","4.1","9368"
"Alejandro De Aza","- - -","114","325","365","7","51","35","7","8.5 %","23.0 %",".160",".331",".262",".333",".422",".326","105","2.8","4.7","-4.9","1.2","3371"
"Melvin Upton Jr.","Padres","87","205","228","5","23","17","9","9.2 %","27.2 %",".171",".348",".259",".327",".429",".326","110","1.9","4.5","3.2","1.6","5015"
"Nori Aoki","Giants","93","355","392","5","42","26","14","7.7 %","6.4 %",".093",".298",".287",".353",".380",".326","109","-3.6","0.6","-0.5","1.3","13075"
"Howie Kendrick","Dodgers","117","464","495","9","64","54","6","5.5 %","16.6 %",".114",".342",".295",".336",".409",".325","109","2.1","7.3","-2.8","2.1","4229"
"Matt Kemp","Padres","154","596","648","23","80","100","12","6.0 %","22.7 %",".178",".311",".265",".312",".443",".325","109","0.9","7.9","-24.1","0.4","5631"
"Joey Butler","Rays","88","257","276","8","30","30","5","5.8 %","29.7 %",".140",".377",".276",".326",".416",".325","108","-4.6","-2.1","-4.6","0.2","7799"
"Ender Inciarte","Diamondbacks","132","524","561","6","73","45","21","4.6 %","10.3 %",".105",".329",".303",".338",".408",".325","100","3.3","3.0","10.0","3.2","4922"
"Neil Walker","Pirates","151","543","603","16","69","71","4","7.3 %","18.2 %",".158",".306",".269",".328",".427",".325","106","2.7","7.1","-4.7","2.2","7539"
"David Freese","Angels","121","424","470","14","53","56","1","6.6 %","22.8 %",".163",".310",".257",".323",".420",".325","108","-1.1","3.4","1.2","2.1","9549"
"Luis Valbuena","Astros","132","434","493","25","62","56","1","10.1 %","21.5 %",".214",".235",".224",".310",".438",".325","108","-2.3","2.5","-5.5","1.4","4969"
"Daniel Murphy","Mets","130","499","538","14","56","73","2","5.8 %","7.1 %",".168",".278",".281",".322",".449",".325","109","-0.3","5.4","1.0","2.5","4316"
"Yangervis Solarte","Padres","152","526","571","14","63","63","1","6.0 %","9.8 %",".158",".279",".270",".320",".428",".324","109","-4.5","1.4","-3.9","1.6","5352"
"Nolan Reimold","Orioles","61","170","195","6","24","20","0","11.8 %","24.1 %",".147",".308",".247",".344",".394",".324","104","-0.4","0.4","-1.6","0.6","3441"
"Jarrod Saltalamacchia","- - -","79","200","227","9","26","24","0","10.1 %","30.4 %",".210",".293",".225",".310",".435",".324","100","0.1","0.1","1.0","0.9","5557"
"Kelly Johnson","- - -","111","310","335","14","38","47","2","6.9 %","24.2 %",".171",".315",".265",".314",".435",".323","106","-0.6","1.6","-9.9","0.2","2234"
"Josh Phegley","Athletics","73","225","243","9","27","34","0","5.8 %","21.0 %",".200",".283",".249",".300",".449",".323","106","-1.1","0.5","8.6","1.8","9308"
"Brian Dozier","Twins","157","628","704","28","101","77","12","8.7 %","21.0 %",".209",".261",".236",".307",".444",".323","102","3.2","4.4","3.7","3.3","9810"
"Eduardo Escobar","Twins","127","409","446","12","48","58","2","6.3 %","19.3 %",".183",".301",".262",".309",".445",".323","101","-1.7","-0.9","-0.3","1.4","6153"
"Jhonny Peralta","Cardinals","155","579","640","17","64","71","1","7.8 %","17.3 %",".136",".311",".275",".334",".411",".323","105","-6.6","-2.6","-0.8","1.8","1738"
"Mark Canha","Athletics","124","441","485","16","61","70","7","6.8 %","19.8 %",".172",".289",".254",".315",".426",".323","105","2.2","5.2","-8.2","1.4","11445"
"Michael McKenry","Rockies","58","127","152","4","20","17","2","14.5 %","27.0 %",".197",".265",".205",".329",".402",".322","88","-1.1","-3.3","-0.8","0.1","9628"
"Brock Holt","Red Sox","129","454","509","2","56","45","8","9.0 %","19.1 %",".099",".350",".280",".349",".379",".322","99","4.3","4.0","2.5","2.5","9345"
"Matt Wieters","Orioles","75","258","282","8","24","25","0","7.4 %","23.8 %",".155",".328",".267",".319",".422",".321","102","-2.8","-2.3","2.5","1.0","4298"
"Mike Napoli","- - -","133","407","469","18","46","50","3","12.2 %","25.2 %",".187",".268",".224",".324",".410",".321","99","-2.5","-3.0","-5.4","0.7","3057"
"Trevor Plouffe","Twins","152","573","632","22","74","86","2","7.9 %","19.6 %",".190",".274",".244",".307",".435",".321","100","-1.9","-1.6","3.5","2.4","7462"
"Welington Castillo","- - -","110","342","378","19","42","57","0","6.6 %","24.3 %",".216",".263",".237",".296",".453",".321","98","-3.5","-4.5","4.1","1.2","3256"
"Rajai Davis","Tigers","112","341","370","8","55","30","18","5.9 %","20.5 %",".182",".308",".258",".306",".440",".320","100","1.8","1.9","2.5","1.7","3708"
"Juan Uribe","- - -","119","360","397","14","40","43","2","8.6 %","20.2 %",".164",".288",".253",".320",".417",".319","104","0.7","2.4","2.6","1.8","454"
"Chris Carter","Astros","129","391","460","24","50","64","1","12.4 %","32.8 %",".228",".244",".199",".307",".427",".319","105","-2.2","0.3","-10.6","0.5","9911"
"Brad Miller","Mariners","144","438","497","11","44","46","13","9.5 %","20.3 %",".144",".307",".258",".329",".402",".319","105","0.5","3.3","-11.6","0.8","12775"
"Cory Spangenberg","Padres","108","303","345","4","38","21","9","8.1 %","21.7 %",".129",".344",".271",".333",".399",".319","105","3.4","5.4","3.1","2.0","12294"
"Asdrubal Cabrera","Rays","143","505","551","15","66","58","6","6.5 %","19.4 %",".164",".306",".265",".315",".430",".319","104","0.5","2.7","-0.5","2.1","4962"
"John Ryan Murphy","Yankees","67","155","172","3","21","14","0","7.0 %","25.0 %",".129",".357",".277",".327",".406",".319","100","-0.7","-0.7","1.6","0.7","10346"
"David Murphy","- - -","132","361","391","10","38","50","0","5.1 %","12.5 %",".139",".300",".283",".318",".421",".318","101","-1.6","-1.2","-9.8","0.2","6035"
"Madison Bumgarner","Giants","36","77","81","5","9","9","0","3.7 %","33.3 %",".221",".311",".247",".275",".468",".318","104","0.0","0.4","8.4","1.2","5524"
"Tyler Collins","Tigers","60","192","207","4","18","25","2","6.3 %","20.8 %",".151",".324",".266",".316",".417",".318","99","1.7","1.5","-5.9","0.2","12723"
"Preston Tucker","Astros","98","300","323","13","35","33","0","6.2 %","21.1 %",".193",".274",".243",".297",".437",".318","104","0.2","1.6","-8.3","0.4","13633"
"C.J. Cron","Angels","113","378","404","16","37","51","3","4.2 %","20.3 %",".177",".293",".262",".300",".439",".318","104","0.2","2.0","-11.4","0.4","12546"
"Martin Prado","Marlins","129","500","551","9","52","63","1","6.7 %","12.3 %",".106",".313",".288",".338",".394",".318","102","0.1","1.7","12.5","3.3","3312"
"Greg Garcia","Cardinals","49","75","87","2","7","4","0","11.5 %","13.8 %",".147",".262",".240",".337",".387",".318","102","0.1","0.3","-0.9","0.2","10951"
"Billy Burns","Athletics","125","520","555","5","70","42","26","4.7 %","14.6 %",".098",".339",".294",".334",".392",".317","102","5.6","6.6","-3.4","2.3","12701"
"Kole Calhoun","Angels","159","630","686","26","78","83","4","6.6 %","23.9 %",".167",".304",".256",".308",".422",".317","103","3.1","5.5","6.6","3.7","11200"
"Delino DeShields","Rangers","121","425","492","2","83","37","25","10.8 %","20.5 %",".113",".334",".261",".344",".374",".317","95","7.4","4.7","-8.2","1.3","11379"
"Evan Gattis","Astros","153","566","604","27","66","88","0","5.0 %","19.7 %",".217",".264",".246",".285",".463",".317","103","-3.3","-1.2","-16.0","0.3","11003"
"Marlon Byrd","- - -","135","506","544","23","58","73","2","5.3 %","26.7 %",".206",".297",".247",".290",".453",".317","100","0.6","0.4","-7.8","1.0","950"
"Tommy La Stella","Cubs","33","67","75","1","4","11","2","6.7 %","9.3 %",".134",".283",".269",".324",".403",".317","99","-0.1","-0.3","0.0","0.2","12371"
"Steven Souza Jr.","Rays","110","373","426","16","59","40","12","10.8 %","33.8 %",".174",".318",".225",".318",".399",".316","102","4.3","5.3","-5.3","1.5","5667"
"Steve Clevenger","Orioles","30","101","105","2","11","15","0","3.8 %","12.4 %",".139",".314",".287",".314",".426",".316","98","-1.6","-1.9","-1.5","0.0","9542"
"Eddie Rosario","Twins","122","453","474","13","60","50","11","3.2 %","24.9 %",".192",".332",".267",".289",".459",".316","97","4.7","2.8","2.3","2.2","12155"
"Ben Revere","- - -","152","592","634","2","84","45","31","5.0 %","10.1 %",".071",".338",".306",".342",".377",".316","98","8.0","6.6","-8.7","1.9","4712"
"Carlos Gomez","- - -","115","435","477","12","61","56","17","6.5 %","21.2 %",".154",".307",".255",".314",".409",".315","98","5.0","3.8","6.5","2.7","4881"
"Brandon Phillips","Reds","148","588","623","12","69","70","23","4.3 %","10.9 %",".100",".315",".294",".328",".395",".315","97","4.0","2.1","4.1","2.7","791"
"Jose Iglesias","Tigers","120","416","454","2","44","23","11","5.5 %","9.7 %",".070",".330",".300",".347",".370",".315","97","-5.8","-7.6","7.6","1.6","10231"
"Javier Baez","Cubs","28","76","80","1","4","4","1","5.0 %","30.0 %",".118",".412",".289",".325",".408",".315","97","0.3","0.0","2.5","0.5","12979"
"Anthony Rendon","Nationals","80","311","355","5","43","25","1","10.1 %","19.7 %",".100",".321",".264",".344",".363",".315","97","-3.9","-5.2","2.9","0.9","12861"
"Jimmy Paredes","Orioles","104","363","384","10","46","42","4","4.9 %","28.9 %",".140",".369",".275",".310",".416",".315","97","2.2","0.8","-11.6","0.2","5481"
"Josh Hamilton","Rangers","50","170","182","8","22","25","0","5.5 %","28.6 %",".188",".313",".253",".291",".441",".314","93","0.3","-1.0","-2.4","0.3","1875"
"Aaron Hicks","Twins","97","352","390","11","48","33","13","8.7 %","16.9 %",".142",".285",".256",".323",".398",".314","96","0.6","-1.3","2.4","1.5","5297"
"Carlos Peguero","- - -","34","75","90","4","11","9","2","14.4 %","41.1 %",".213",".286",".187",".311",".400",".314","93","1.0","0.2","3.2","0.7","8760"
"Josh Harrison","Pirates","114","418","449","4","57","28","10","4.2 %","15.8 %",".103",".336",".287",".327",".390",".313","98","2.2","1.4","-3.8","1.2","8202"
"Jonathan Lucroy","Brewers","103","371","415","7","51","43","1","8.7 %","15.4 %",".127",".297",".264",".326",".391",".313","95","-4.5","-7.1","4.8","1.1","7870"
"Jorge Soler","Cubs","101","366","404","10","39","47","3","7.9 %","30.0 %",".137",".361",".262",".324",".399",".312","95","1.4","-0.7","-11.4","0.1","14221"
"Jake Lamb","Diamondbacks","107","350","390","6","38","34","3","9.2 %","24.9 %",".123",".344",".263",".331",".386",".312","91","1.1","-3.1","9.2","1.9","13329"
"Abraham Almonte","- - -","82","232","258","5","36","24","7","8.1 %","20.2 %",".159",".299",".250",".310",".409",".312","95","1.0","-0.5","1.4","1.0","5486"
"Blake Swihart","Red Sox","84","288","309","5","47","31","4","5.8 %","24.9 %",".118",".359",".274",".319",".392",".312","93","0.8","-1.9","5.9","1.5","13176"
"Mark Reynolds","Cardinals","140","382","432","13","35","48","2","10.2 %","28.0 %",".168",".300",".230",".315",".398",".311","98","-3.0","-4.1","-10.3","-0.1","7619"
"Billy Butler","Athletics","151","538","601","15","63","65","0","8.7 %","16.8 %",".139",".282",".251",".323",".390",".311","98","-11.1","-12.7","-14.3","-0.8","7399"
"Christian Colon","Royals","43","107","119","0","8","6","3","9.2 %","14.3 %",".047",".344",".290",".356",".336",".311","94","-1.3","-2.0","0.0","0.2","11145"
"Hector Olivera","Braves","24","79","87","2","4","11","0","5.7 %","13.8 %",".152",".273",".253",".310",".405",".311","96","0.0","-0.5","-3.4","-0.1","17528"
"Marcus Semien","Athletics","155","556","601","15","65","45","11","7.0 %","22.0 %",".147",".312",".257",".310",".405",".311","97","1.0","-0.8","-3.3","1.6","12533"
"Nick Castellanos","Tigers","154","549","595","15","42","73","0","6.6 %","25.5 %",".164",".322",".255",".303",".419",".311","94","-7.3","-11.7","-9.0","-0.1","11737"
"Geovany Soto","White Sox","78","187","210","9","20","21","0","10.0 %","30.0 %",".187",".278",".219",".301",".406",".311","96","0.3","-0.6","4.9","1.2","3707"
"Joe Mauer","Twins","158","592","666","10","69","66","2","10.1 %","16.8 %",".115",".309",".265",".338",".380",".311","93","-3.3","-8.6","-11.7","0.2","1857"
"Darin Ruf","Phillies","106","268","297","12","30","39","1","7.1 %","23.2 %",".179",".268",".235",".300",".414",".311","95","-1.9","-3.7","-6.5","-0.1","9929"
"Kevin Pillar","Blue Jays","159","586","628","12","76","56","25","4.5 %","13.5 %",".121",".306",".278",".314",".399",".310","94","8.1","3.6","16.6","4.3","12434"
"Danny Espinosa","Nationals","118","367","412","13","59","37","5","8.0 %","25.7 %",".169",".299",".240",".311",".409",".310","93","2.5","-0.7","9.1","2.3","9219"
"Kolten Wong","Cardinals","150","557","613","11","71","61","15","5.9 %","15.5 %",".124",".296",".262",".321",".386",".310","96","3.2","0.6","2.6","2.4","12532"
"Kevin Kiermaier","Rays","151","505","535","10","62","40","18","4.5 %","17.8 %",".156",".306",".263",".298",".420",".309","97","3.5","1.7","32.0","5.4","11038"
"Richie Shaffer","Rays","31","74","88","4","11","6","0","11.4 %","36.4 %",".203",".256",".189",".307",".392",".309","97","0.2","-0.1","-1.4","0.1","13271"
"Jay Bruce","Reds","157","580","649","26","72","87","9","8.9 %","22.3 %",".209",".251",".226",".294",".434",".309","93","-1.8","-7.2","-11.2","0.2","9892"
"Derek Norris","Padres","147","515","557","14","65","62","4","6.3 %","23.5 %",".153",".310",".250",".305",".404",".309","98","-0.9","-2.2","7.7","2.4","6867"
"Aramis Ramirez","- - -","137","475","516","17","43","75","1","6.0 %","13.2 %",".177",".253",".246",".297",".423",".309","93","-7.3","-11.5","2.7","0.8","1002"
"Jeff Francoeur","Phillies","119","326","343","13","34","45","0","3.8 %","22.4 %",".175",".297",".258",".286",".433",".308","93","-3.4","-6.1","-10.6","-0.6","4792"
"Steve Pearce","Orioles","92","294","325","15","42","40","1","7.1 %","21.2 %",".204",".232",".218",".289",".422",".308","93","-0.2","-3.0","-3.9","0.4","9957"
"Brandon Moss","- - -","145","469","526","19","47","58","0","9.3 %","28.1 %",".181",".285",".226",".304",".407",".308","93","-0.4","-4.9","-7.8","0.5","4467"
"Hanley Ramirez","Red Sox","105","401","430","19","59","53","6","4.9 %","16.5 %",".177",".257",".249",".291",".426",".308","90","-2.6","-7.6","-22.9","-1.7","8001"
"Ryan Howard","Phillies","129","467","503","23","53","77","0","5.4 %","27.4 %",".214",".272",".229",".277",".443",".308","93","-1.4","-5.5","-13.9","-0.4","2154"
"Cameron Maybin","Braves","141","505","555","10","65","59","23","8.1 %","18.4 %",".103",".316",".267",".327",".370",".307","93","1.5","-3.1","-5.3","0.9","5223"
"Yasmany Tomas","Diamondbacks","118","406","426","9","40","48","5","4.0 %","25.8 %",".128",".354",".273",".305",".401",".307","87","-3.5","-9.8","-16.6","-1.4","17171"
"Melky Cabrera","White Sox","158","629","683","12","70","77","3","5.9 %","12.9 %",".121",".297",".273",".314",".394",".307","94","-3.3","-8.4","-15.0","-0.1","4022"
"Chase Headley","Yankees","156","580","642","11","74","62","0","7.9 %","21.0 %",".110",".317",".259",".324",".369",".307","92","0.5","-5.7","-0.8","1.5","4720"
"Michael Cuddyer","Mets","117","379","408","10","44","41","2","5.9 %","21.6 %",".132",".312",".259",".309",".391",".306","97","0.2","-1.4","-12.0","-0.1","1534"
"J.B. Shuck","White Sox","79","143","165","0","15","15","7","9.7 %","9.7 %",".084",".295",".266",".340",".350",".306","93","-0.7","-2.0","-5.9","-0.3","6677"
"Cesar Hernandez","Phillies","127","405","452","1","57","35","19","8.8 %","19.0 %",".077",".342",".272",".339",".348",".306","92","3.2","-1.2","0.2","1.4","10556"
"Brett Lawrie","Athletics","149","562","602","16","64","60","5","4.7 %","23.9 %",".148",".320",".260",".299",".407",".306","94","2.4","-2.0","-12.2","0.6","5247"
"Jed Lowrie","Astros","69","230","263","9","35","30","1","10.6 %","16.3 %",".178",".233",".222",".312",".400",".305","95","2.6","1.1","0.9","1.1","4418"
"Scott Van Slyke","Dodgers","96","222","253","6","19","30","3","9.1 %","24.5 %",".144",".299",".239",".317",".383",".305","95","0.8","-0.5","3.6","1.2","4365"
"Carl Crawford","Dodgers","69","181","193","4","19","16","10","5.2 %","21.2 %",".138",".324",".265",".304",".403",".305","95","2.7","1.7","-4.2","0.4","1201"
"Dustin Ackley","- - -","108","238","264","10","28","30","2","6.8 %","17.0 %",".197",".241",".231",".284",".429",".305","94","-3.7","-5.5","-8.4","-0.6","10099"
"Joey Gallo","Rangers","36","108","123","6","16","14","3","12.2 %","46.3 %",".213",".356",".204",".301",".417",".305","87","1.9","0.0","2.0","0.6","14128"
"Austin Jackson","- - -","136","491","527","9","56","48","17","5.5 %","23.9 %",".118",".342",".267",".311",".385",".305","94","0.0","-3.5","8.3","2.3","9848"
"Ezequiel Carrera","Blue Jays","91","172","192","3","27","26","2","5.7 %","23.4 %",".099",".349",".273",".321",".372",".305","90","2.8","0.6","-5.1","0.2","9048"
"Gregory Polanco","Pirates","153","593","652","9","83","52","27","8.4 %","18.6 %",".125",".308",".256",".320",".381",".304","92","5.3","-0.6","0.3","2.1","12907"
"Torii Hunter","Twins","139","521","567","22","67","81","2","6.2 %","18.5 %",".169",".258",".240",".293",".409",".304","89","-0.9","-8.4","-6.5","0.4","731"
"Anthony Gose","Tigers","140","485","535","5","73","26","23","8.4 %","27.1 %",".113",".352",".254",".321",".367",".304","89","0.6","-6.1","-8.5","0.3","5097"
"Addison Russell","Cubs","142","475","523","13","60","54","4","8.0 %","28.5 %",".147",".324",".242",".307",".389",".304","90","0.4","-6.0","17.1","2.9","14106"
"Wilmer Flores","Mets","137","483","510","16","55","59","0","3.7 %","12.4 %",".145",".273",".263",".295",".408",".304","95","0.0","-3.2","4.3","1.8","5827"
"Jefry Marte","Tigers","33","80","90","4","9","11","0","8.9 %","24.4 %",".200",".241",".213",".284",".413",".304","89","0.2","-1.0","-4.5","-0.3","5107"
"Wilin Rosario","Rockies","87","231","242","6","22","29","2","3.3 %","23.1 %",".147",".329",".268",".295",".416",".303","75","-2.3","-9.4","-6.4","-0.9","8002"
"Paulo Orlando","Royals","86","241","251","7","31","27","3","2.0 %","21.1 %",".195",".291",".249",".269",".444",".303","89","1.7","-1.5","3.0","1.0","8628"
"Johnny Giavotella","Angels","129","453","502","4","51","49","2","6.4 %","11.8 %",".104",".301",".272",".318",".375",".303","93","1.7","-2.2","-5.4","0.9","6740"
"Ruben Tejada","Mets","116","360","407","3","36","28","2","9.3 %","17.2 %",".089",".315",".261",".338",".350",".303","94","0.3","-2.4","-0.9","1.0","5519"
"Didi Gregorius","Yankees","155","525","578","9","57","56","5","5.7 %","14.7 %",".105",".297",".265",".318",".370",".303","89","3.5","-3.7","14.2","3.1","6012"
"Miguel Rojas","Marlins","60","142","157","1","13","17","0","7.0 %","10.2 %",".085",".307",".282",".329",".366",".303","92","-0.2","-1.6","4.1","0.8","7802"
"Chris Denorfia","Cubs","103","212","231","3","18","18","0","6.5 %","24.2 %",".104",".351",".269",".319",".373",".302","89","-1.0","-4.1","4.0","0.8","4400"
"Jarrod Dyson","Royals","90","200","225","2","31","18","26","6.2 %","16.4 %",".130",".296",".250",".311",".380",".302","88","6.3","3.2","6.7","1.8","4866"
"Grady Sizemore","- - -","97","273","296","6","24","33","3","6.8 %","20.3 %",".128",".303",".253",".307",".381",".302","91","-0.7","-3.8","-11.9","-0.7","2197"
"Marcell Ozuna","Marlins","123","459","494","10","47","44","2","6.1 %","22.3 %",".124",".320",".259",".308",".383",".302","92","1.6","-3.2","-0.6","1.2","10324"
"Caleb Joseph","Orioles","100","320","355","11","38","49","0","7.6 %","20.3 %",".159",".269",".234",".299",".394",".301","88","0.1","-5.0","6.8","1.4","7087"
"Jedd Gyorko","Padres","128","421","458","16","34","57","0","5.9 %","23.4 %",".150",".290",".247",".297",".397",".301","93","-2.7","-6.5","-1.7","0.6","10816"
"Ivan De Jesus","Reds","76","201","222","4","15","28","0","8.6 %","24.8 %",".129",".315",".244",".311",".373",".301","88","-0.6","-3.8","-1.8","0.1","9886"
"Ryan Hanigan","Red Sox","54","174","201","2","28","16","0","10.0 %","19.4 %",".080",".306",".247",".337",".328",".301","85","-1.1","-4.6","3.9","0.6","4952"
"Jose Reyes","- - -","116","481","519","7","57","53","24","5.0 %","11.9 %",".104",".301",".274",".310",".378",".300","81","1.5","-9.7","-1.5","0.6","1736"
"Salvador Perez","Royals","142","531","553","21","52","70","1","2.4 %","14.8 %",".166",".270",".260",".280",".426",".300","87","-6.7","-15.2","12.0","1.6","7304"
"Jayson Werth","Nationals","88","331","378","12","51","42","0","10.1 %","22.2 %",".163",".253",".221",".302",".384",".300","87","1.1","-4.6","-10.5","-0.4","1327"
"Tim Beckham","Rays","83","203","223","9","24","37","3","5.8 %","30.9 %",".207",".279",".222",".274",".429",".300","91","-0.5","-2.9","-4.0","0.0","7949"
"Jordan Pacheco","Diamondbacks","29","66","78","2","8","8","1","11.5 %","17.9 %",".091",".269",".242",".333",".333",".300","82","-1.7","-3.4","0.1","-0.1","2677"
"Shane Peterson","Brewers","93","201","226","2","22","16","0","8.8 %","24.3 %",".095",".345",".259",".324",".353",".299","85","-0.2","-4.3","-2.5","0.0","7423"
"Dilson Herrera","Mets","31","90","103","3","7","6","2","10.7 %","22.3 %",".156",".250",".211",".311",".367",".298","91","0.4","-0.7","3.9","0.7","14335"
"Chris Heisey","Dodgers","33","55","72","2","8","9","0","20.8 %","23.6 %",".145",".211",".182",".347",".327",".298","90","-1.0","-1.8","0.3","0.1","3978"
"J.T. Realmuto","Marlins","126","441","467","10","49","47","8","4.1 %","15.0 %",".147",".285",".259",".290",".406",".298","89","1.0","-5.0","8.8","1.9","11739"
"Cody Asche","Phillies","129","425","456","12","41","39","1","5.7 %","24.3 %",".151",".304",".245",".294",".395",".298","86","-2.8","-10.1","-14.4","-1.1","11997"
"Logan Morrison","Mariners","146","457","511","17","47","54","8","9.2 %","15.9 %",".158",".238",".225",".302",".383",".298","90","-0.9","-6.7","-11.9","-0.2","9205"
"Adeiny Hechavarria","Marlins","130","470","499","5","54","48","7","4.6 %","15.6 %",".094",".325",".281",".315",".374",".298","89","-0.9","-7.5","21.6","3.1","10459"
"James McCann","Tigers","114","401","425","7","32","41","0","3.8 %","21.2 %",".122",".325",".264",".297",".387",".297","84","-5.2","-12.9","8.0","1.0","12859"
"Ryan Goins","Blue Jays","128","376","428","5","52","45","2","9.1 %","19.4 %",".104",".304",".250",".318",".354",".297","85","1.7","-5.7","5.7","1.5","9807"
"Alex Guerrero","Dodgers","106","219","230","11","25","36","1","3.0 %","24.8 %",".201",".261",".233",".261",".434",".297","90","-3.3","-6.0","-3.2","-0.2","15670"
"Dioner Navarro","Blue Jays","54","171","192","5","17","20","0","8.9 %","15.1 %",".129",".262",".246",".307",".374",".296","84","-1.5","-5.0","3.6","0.5","3179"
"Elian Herrera","Brewers","83","256","277","7","29","33","3","6.5 %","26.0 %",".152",".307",".242",".290",".395",".296","83","1.1","-4.5","-0.7","0.4","5432"
"Will Venable","- - -","135","349","390","6","40","33","16","9.5 %","24.1 %",".106",".317",".244",".320",".350",".296","87","4.5","-1.4","0.4","1.2","211"
"Avisail Garcia","White Sox","148","553","601","13","66","59","7","6.0 %","23.5 %",".108",".320",".257",".309",".365",".295","86","-4.5","-14.4","-13.8","-0.9","5760"
"Chris Parmelee","Orioles","32","97","102","4","11","9","0","3.9 %","25.5 %",".216",".254",".216",".255",".433",".295","83","0.3","-1.7","-1.9","0.0","2554"
"Brayan Pena","Reds","108","333","367","0","17","18","2","7.9 %","9.3 %",".051",".303",".273",".334",".324",".295","83","-2.9","-10.1","1.1","0.3","3231"
"James Loney","Rays","104","361","388","4","25","32","2","5.9 %","8.8 %",".078",".298",".280",".322",".357",".294","87","-9.6","-15.5","-9.5","-1.3","4556"
"Ian Desmond","Nationals","156","583","641","19","69","62","13","7.0 %","29.2 %",".151",".307",".233",".290",".384",".294","83","5.5","-7.3","3.3","1.7","6885"
"Jacoby Ellsbury","Yankees","111","452","501","7","66","33","21","7.0 %","17.2 %",".088",".301",".257",".318",".345",".294","83","3.3","-6.5","-1.6","0.9","4727"
"Desmond Jennings","Rays","28","97","108","1","9","7","5","7.4 %","15.7 %",".072",".309",".268",".324",".340",".294","87","-0.1","-1.8","-0.7","0.1","1965"
"Jonny Gomes","- - -","95","225","262","7","29","26","1","11.8 %","30.9 %",".133",".293",".213",".313",".347",".294","84","-0.2","-5.2","-12.2","-1.0","1845"
"Andrew Susac","Giants","52","133","148","3","14","14","0","9.5 %","29.1 %",".150",".299",".218",".297",".368",".294","87","-1.3","-3.4","-1.4","0.0","13132"
"Alex Avila","Tigers","67","178","219","4","21","13","0","18.3 %","30.1 %",".096",".278",".191",".339",".287",".294","82","-1.3","-5.9","1.8","0.3","7476"
"Jerry Sands","Indians","50","123","133","4","11","19","0","6.8 %","27.1 %",".154",".298",".236",".286",".390",".294","81","0.4","-2.4","-2.4","-0.1","4016"
"Travis Snider","- - -","87","237","265","4","24","28","1","9.8 %","24.9 %",".118",".305",".232",".313",".350",".293","82","-1.3","-6.8","-1.1","0.1","2830"
"Dalton Pompey","Blue Jays","34","94","103","2","17","6","5","6.8 %","22.3 %",".149",".275",".223",".291",".372",".292","82","1.6","-0.6","-0.5","0.2","12797"
"Jeff Baker","Marlins","41","72","80","3","11","8","0","10.0 %","31.3 %",".167",".273",".208",".288",".375",".292","85","0.8","-0.6","-4.1","-0.2","2073"
"Elvis Andrus","Rangers","160","596","661","7","69","62","25","7.0 %","11.8 %",".099",".283",".258",".309",".357",".292","78","3.8","-13.0","7.1","1.7","8709"
"Josh Rutledge","Red Sox","39","74","85","1","11","10","0","5.9 %","30.6 %",".054",".400",".284",".333",".338",".292","79","1.3","-0.8","-0.3","0.2","11167"
"Michael Morse","- - -","98","229","256","5","14","19","0","9.0 %","29.7 %",".105",".324",".231",".313",".336",".291","84","-2.6","-7.4","-4.6","-0.4","3035"
"Cameron Rupp","Phillies","81","270","299","9","24","28","0","8.0 %","23.7 %",".141",".281",".233",".301",".374",".291","81","-1.7","-8.2","8.0","1.0","11146"
"Chris Stewart","Pirates","58","159","172","0","9","15","0","3.5 %","16.9 %",".050",".348",".289",".320",".340",".290","83","0.8","-2.7","2.2","0.5","3878"
"Andrelton Simmons","Braves","147","535","583","4","60","44","5","6.7 %","8.2 %",".073",".285",".265",".321",".338",".290","81","0.6","-12.4","23.9","3.2","10847"
"Drew Stubbs","- - -","78","123","140","5","20","10","5","10.0 %","42.9 %",".187",".328",".195",".283",".382",".289","67","0.2","-5.2","0.2","-0.1","9328"
"Scooter Gennett","Brewers","114","375","391","6","42","29","1","3.1 %","17.4 %",".117",".309",".264",".294",".381",".289","78","2.3","-7.8","-1.8","0.3","10339"
"Starlin Castro","Cubs","151","547","578","11","52","69","5","3.6 %","15.7 %",".110",".298",".265",".296",".375",".288","79","-2.1","-16.2","5.4","0.8","4579"
"Jake Marisnick","Astros","133","339","372","9","46","36","24","4.8 %","28.2 %",".147",".310",".236",".281",".383",".288","83","3.9","-3.3","9.6","2.0","11339"
"Ike Davis","Athletics","74","214","239","3","19","20","0","9.6 %","18.4 %",".121",".272",".229",".301",".350",".288","82","-2.6","-7.6","-4.5","-0.5","8433"
"Tyler Flowers","White Sox","112","331","361","9","21","39","0","5.8 %","28.8 %",".118",".320",".239",".295",".356",".288","81","-2.2","-10.1","3.5","0.5","9134"
"Lonnie Chisenhall","Indians","106","333","362","7","38","44","4","6.4 %","19.1 %",".126",".288",".246",".294",".372",".288","78","5.0","-4.5","10.8","1.9","7571"
"Pablo Sandoval","Red Sox","126","470","505","10","43","47","0","5.0 %","14.5 %",".121",".270",".245",".292",".366",".288","76","-5.3","-19.3","-15.1","-1.9","5409"
"Brandon Barnes","Rockies","106","255","281","2","30","17","4","7.5 %","23.8 %",".090",".332",".251",".314",".341",".287","64","2.1","-9.8","-4.4","-0.6","629"
"Yadier Molina","Cardinals","136","488","530","4","34","61","3","6.0 %","11.1 %",".080",".295",".270",".310",".350",".287","81","-2.5","-14.2","10.7","1.4","7007"
"Jace Peterson","Braves","152","528","597","6","55","52","12","9.4 %","20.1 %",".097",".296",".239",".314",".335",".287","79","1.3","-13.3","4.2","1.0","12325"
"Victor Martinez","Tigers","120","440","485","11","39","64","0","6.4 %","10.7 %",".120",".253",".245",".301",".366",".286","77","-7.2","-20.3","-14.6","-2.0","393"
"Max Muncy","Athletics","45","102","112","3","14","9","0","8.0 %","27.7 %",".186",".261",".206",".268",".392",".285","80","-0.9","-3.6","-4.5","-0.5","13301"
"Nick Swisher","- - -","76","219","260","6","14","25","0","13.5 %","20.8 %",".123",".228",".196",".312",".320",".285","77","-2.1","-9.1","-5.2","-0.6","4599"
"Darnell Sweeney","Phillies","37","85","98","3","9","11","0","13.3 %","27.6 %",".176",".218",".176",".286",".353",".285","77","0.0","-2.6","-6.3","-0.6","13284"
"Carlos Perez","Angels","86","260","283","4","20","21","2","6.7 %","17.3 %",".096",".292",".250",".299",".346",".284","81","-0.5","-6.9","7.0","1.0","10642"
"Eury Perez","Braves","47","119","133","0","10","5","3","5.3 %","17.3 %",".034",".333",".269",".331",".303",".284","77","1.5","-2.0","-4.9","-0.3","10299"
"Adam Rosales","Rangers","55","114","125","3","14","7","4","8.0 %","24.0 %",".114",".284",".228",".296",".342",".284","73","-1.7","-5.7","-0.2","-0.2","9682"
"Jake Smolinski","- - -","76","166","192","6","24","26","1","9.9 %","20.3 %",".175",".208",".193",".281",".367",".284","76","1.4","-3.8","2.2","0.5","5408"
"Tucker Barnhart","Reds","81","242","274","3","23","18","0","9.1 %","16.4 %",".074",".294",".252",".324",".326",".284","76","-1.7","-9.4","5.2","0.5","10200"
"Jesus Montero","Mariners","38","112","116","5","11","19","0","3.4 %","27.6 %",".188",".267",".223",".250",".411",".284","81","-1.6","-4.2","-4.2","-0.5","5514"
"Stephen Drew","Yankees","131","383","428","17","43","44","0","8.6 %","16.6 %",".180",".201",".201",".271",".381",".284","76","-1.8","-13.7","1.5","0.2","4251"
"Jason Castro","Astros","104","337","375","11","38","31","0","8.8 %","30.7 %",".154",".280",".211",".283",".365",".284","80","0.0","-8.7","10.6","1.5","8722"
"Matt Adams","Cardinals","60","175","186","5","14","24","1","5.4 %","22.0 %",".137",".285",".240",".280",".377",".284","79","0.9","-3.7","-0.3","0.2","9393"
"Freddy Galvis","Phillies","151","559","603","7","63","50","10","5.0 %","17.1 %",".081",".309",".263",".302",".343",".283","76","4.6","-12.0","5.9","1.3","6609"
"Adam LaRoche","White Sox","127","429","484","12","41","44","0","10.1 %","27.5 %",".133",".269",".207",".293",".340",".283","77","-2.2","-14.9","-12.9","-1.3","1904"
"Rusney Castillo","Red Sox","80","273","289","5","35","29","4","4.5 %","18.7 %",".106",".298",".253",".288",".359",".283","73","-3.2","-12.3","7.3","0.5","17016"
"Kirk Nieuwenhuis","- - -","74","128","141","4","21","14","2","7.1 %","34.8 %",".180",".280",".195",".270",".375",".283","80","0.3","-2.9","0.3","0.2","6400"
"Jimmy Rollins","Dodgers","144","517","563","13","71","41","12","7.8 %","15.3 %",".133",".246",".224",".285",".358",".283","80","-2.0","-15.1","-0.3","0.2","971"
"Yan Gomes","Indians","95","363","389","12","38","45","0","3.3 %","26.7 %",".160",".285",".231",".267",".391",".283","74","-0.7","-12.5","6.4","0.7","9627"
"Skip Schumaker","Reds","131","244","268","1","23","21","2","8.6 %","19.0 %",".094",".301",".242",".306",".336",".282","75","-1.1","-9.0","-9.3","-1.1","3704"
"Sean Rodriguez","Pirates","139","224","240","4","25","17","2","2.1 %","26.3 %",".116",".325",".246",".281",".362",".281","77","-2.0","-8.5","-1.5","-0.3","6589"
"Aaron Hill","Diamondbacks","116","313","353","6","32","39","7","8.8 %","15.3 %",".115",".253",".230",".295",".345",".281","70","0.6","-11.9","1.5","0.1","6104"
"Chris Iannetta","Angels","92","272","317","10","28","34","0","12.9 %","26.2 %",".147",".225",".188",".293",".335",".281","78","-3.5","-11.6","5.4","0.4","8267"
"Juan Lagares","Mets","143","441","465","6","47","41","7","3.4 %","18.7 %",".100",".308",".259",".289",".358",".280","79","0.6","-10.9","5.1","0.9","5384"
"Erick Aybar","Angels","156","597","638","3","74","44","15","3.9 %","11.4 %",".069",".300",".270",".301",".338",".280","78","3.4","-13.0","-0.4","0.8","4082"
"Angel Pagan","Giants","133","512","551","3","55","37","12","5.8 %","16.9 %",".070",".310",".262",".303",".332",".280","78","2.4","-11.8","-12.5","-0.8","2918"
"Jose Ramirez","Indians","97","315","355","6","50","27","10","9.0 %","11.0 %",".121",".232",".219",".291",".340",".280","72","2.5","-9.1","3.8","0.7","13510"
"Domonic Brown","Phillies","63","189","204","5","19","25","3","6.9 %","17.6 %",".122",".257",".228",".284",".349",".280","74","-1.9","-8.1","-2.0","-0.4","3154"
"Alex Rios","Royals","105","385","411","4","40","32","9","3.6 %","16.3 %",".099",".294",".255",".287",".353",".279","72","1.3","-12.0","-0.2","0.1","2090"
"Alexei Ramirez","White Sox","154","583","622","10","54","62","17","5.0 %","10.9 %",".108",".264",".249",".285",".357",".279","74","-5.0","-23.4","0.4","-0.3","5133"
"Ryan Flaherty","Orioles","91","267","301","9","34","31","0","8.6 %","26.9 %",".154",".251",".202",".281",".356",".279","72","0.1","-9.6","-1.9","-0.2","7888"
"David DeJesus","- - -","112","288","317","5","27","30","3","6.6 %","16.4 %",".097",".266",".233",".297",".330",".278","75","-1.7","-10.7","-3.3","-0.4","1825"
"Jason Bourgeois","Reds","68","196","212","3","28","14","3","6.6 %","15.6 %",".092",".275",".240",".294",".332",".278","72","1.3","-5.7","-6.2","-0.6","2225"
"Eric Campbell","Mets","71","173","206","3","28","19","5","12.6 %","18.0 %",".098",".230",".197",".312",".295",".277","77","-1.2","-6.8","-0.1","0.0","6938"
"Travis Ishikawa","- - -","44","63","72","1","6","8","0","12.5 %","27.8 %",".095",".286",".206",".306",".302",".277","74","-0.7","-2.9","-0.8","-0.2","4793"
"Andrew Romine","Tigers","109","184","203","2","25","15","10","5.4 %","22.7 %",".060",".328",".255",".307",".315",".276","70","0.0","-7.1","8.7","0.9","1159"
"Nick Ahmed","Diamondbacks","134","421","459","9","49","34","4","6.3 %","17.6 %",".133",".257",".226",".275",".359",".276","66","2.4","-15.9","16.7","1.6","12147"
"Shane Robinson","Twins","83","180","197","0","28","16","6","6.1 %","14.7 %",".072",".296",".250",".299",".322",".275","69","1.6","-5.5","0.8","0.2","4249"
"Kennys Vargas","Twins","58","175","184","5","18","17","0","4.9 %","29.3 %",".109",".319",".240",".277",".349",".275","69","-1.9","-8.6","-3.6","-0.7","12101"
"Delmon Young","Orioles","52","174","180","2","20","16","0","2.2 %","16.1 %",".069",".313",".270",".289",".339",".275","70","-0.4","-6.7","-4.4","-0.6","2140"
"Clint Barmes","Padres","98","207","224","3","24","16","0","4.5 %","24.6 %",".121",".302",".232",".281",".353",".275","75","0.2","-6.4","-0.7","0.0","1830"
"Logan Schafer","Brewers","69","122","143","1","17","6","1","8.4 %","20.3 %",".090",".280",".221",".299",".311",".275","68","0.7","-4.6","-3.4","-0.4","7937"
"Michael Taylor","Nationals","138","472","511","14","49","63","16","6.8 %","30.9 %",".129",".311",".229",".282",".358",".274","69","-0.5","-18.9","12.3","1.0","11489"
"Chris Johnson","- - -","83","243","255","3","18","18","2","3.9 %","29.0 %",".082",".353",".255",".286",".337",".274","69","0.6","-8.5","-2.7","-0.3","1191"
"Chase Utley","- - -","107","373","423","8","37","39","4","7.6 %","15.1 %",".131",".230",".212",".286",".343",".274","71","1.4","-12.8","-0.3","0.0","1679"
"Dan Uggla","Nationals","67","120","141","2","12","16","0","13.5 %","28.4 %",".117",".253",".183",".298",".300",".273","68","-0.1","-5.3","-0.3","-0.1","3442"
"Peter Bourjos","Cardinals","117","195","225","4","32","13","5","8.4 %","26.2 %",".133",".263",".200",".290",".333",".271","70","-0.7","-8.6","-2.6","-0.4","2578"
"Justin Maxwell","Giants","100","249","274","7","26","26","2","7.3 %","27.7 %",".133",".269",".209",".275",".341",".271","72","-0.4","-9.4","4.3","0.4","6827"
"Shane Victorino","- - -","71","178","204","1","19","7","7","7.8 %","15.7 %",".062",".272",".230",".308",".292",".271","67","2.1","-5.6","-0.9","0.0","1677"
"Alcides Escobar","Royals","148","612","662","3","76","47","17","3.9 %","11.3 %",".064",".286",".257",".293",".320",".271","66","4.4","-21.5","13.9","1.5","6310"
"Pedro Ciriaco","Braves","84","142","151","1","14","15","4","1.3 %","25.2 %",".092",".340",".261",".275",".352",".270","68","1.1","-4.6","2.9","0.3","5278"
"Alberto Callaspo","- - -","97","230","261","1","20","15","0","10.7 %","13.0 %",".043",".269",".235",".315",".278",".270","69","-3.2","-12.6","0.3","-0.4","3336"
"Giovanny Urshela","Indians","81","267","288","6","25","21","0","6.3 %","20.1 %",".105",".266",".225",".279",".330",".270","65","-3.3","-15.0","5.2","0.0","10681"
"Conor Gillaspie","- - -","75","237","253","4","14","24","0","5.1 %","18.6 %",".131",".266",".228",".269",".359",".269","69","-0.6","-9.8","-9.4","-1.2","9009"
"Garrett Jones","Yankees","57","144","152","5","12","17","0","5.3 %","24.3 %",".146",".255",".215",".257",".361",".269","66","0.4","-5.5","-3.7","-0.5","2714"
"Matt Szczur","Cubs","47","72","80","1","5","8","2","7.5 %","18.8 %",".111",".263",".222",".278",".333",".269","66","1.2","-2.0","-2.4","-0.2","11255"
"Michael Bourn","- - -","141","425","482","0","39","30","17","9.5 %","22.2 %",".045",".315",".238",".310",".282",".269","65","2.5","-16.9","0.5","-0.1","6387"
"Kurt Suzuki","Twins","131","433","479","5","36","50","0","6.1 %","12.3 %",".074",".265",".240",".296",".314",".269","64","-0.9","-20.7","3.4","-0.2","8259"
"Jean Segura","Brewers","142","560","584","6","57","50","25","2.2 %","15.9 %",".079",".298",".257",".281",".336",".268","64","3.1","-21.6","6.7","0.4","5933"
"Rafael Ynoa","Rockies","72","127","131","0","14","9","1","2.3 %","21.4 %",".079",".333",".260",".277",".339",".268","50","0.4","-7.1","-2.2","-0.6","2832"
"Dixon Machado","Tigers","24","68","78","0","6","5","1","9.0 %","17.9 %",".044",".296",".235",".307",".279",".267","64","-0.1","-3.4","2.6","0.2","11472"
"Ryan Lavarnway","- - -","37","94","106","2","6","6","0","11.3 %","26.4 %",".128",".250",".191",".283",".319",".267","65","-1.6","-5.9","2.9","0.0","8879"
"Brendan Ryan","Yankees","47","96","103","0","10","8","0","4.9 %","28.2 %",".104",".328",".229",".275",".333",".267","64","0.2","-4.1","-2.9","-0.4","6073"
"Gordon Beckham","White Sox","100","211","237","6","24","20","0","8.0 %","18.1 %",".123",".229",".209",".275",".332",".267","66","-0.9","-10.2","5.5","0.3","9015"
"Mike Aviles","Indians","98","290","317","5","37","17","3","6.3 %","12.0 %",".086",".250",".231",".282",".317",".266","63","-3.8","-17.5","-2.1","-1.0","5986"
"Eric Sogard","Athletics","120","372","401","1","40","37","6","5.7 %","12.5 %",".056",".283",".247",".294",".304",".266","66","2.8","-12.9","3.1","0.3","7927"
"Daniel Nava","- - -","60","139","166","1","13","10","1","12.0 %","21.7 %",".050",".252",".194",".315",".245",".265","64","-0.8","-7.8","0.7","-0.2","5450"
"Jordy Mercer","Pirates","116","394","430","3","34","34","3","6.3 %","17.0 %",".076",".290",".244",".293",".320",".265","65","1.3","-16.0","6.6","0.4","6547"
"Ehire Adrianza","Giants","52","113","134","0","11","11","3","11.2 %","14.9 %",".080",".226",".186",".303",".265",".265","68","-0.4","-5.5","3.2","0.2","8418"
"Ryan Rua","Rangers","28","83","86","4","10","7","0","3.5 %","37.2 %",".205",".255",".193",".221",".398",".265","59","-0.3","-4.4","-0.8","-0.3","12409"
"Micah Johnson","White Sox","36","100","114","0","10","4","3","7.9 %","26.3 %",".040",".329",".230",".306",".270",".265","65","0.7","-4.0","-2.7","-0.3","13809"
"Wilson Ramos","Nationals","128","475","504","15","41","68","0","4.2 %","20.0 %",".128",".256",".229",".258",".358",".265","62","-1.6","-23.6","11.1","0.3","1433"
"Daniel Castro","Braves","33","96","100","2","14","5","0","3.0 %","15.0 %",".104",".266",".240",".263",".344",".264","63","0.0","-4.3","2.7","0.2","15450"
"Tyler Saladino","White Sox","68","236","254","4","33","20","8","4.7 %","20.1 %",".110",".269",".225",".267",".335",".264","64","1.1","-9.5","4.2","0.3","10807"
"Tyler Moore","Nationals","97","187","200","6","14","27","0","5.5 %","22.5 %",".160",".234",".203",".250",".364",".263","61","0.1","-8.9","-5.7","-0.9","7244"
"Daniel Robertson","Angels","37","75","80","0","10","7","0","2.5 %","8.8 %",".027",".309",".280",".299",".307",".262","65","1.6","-1.7","1.9","0.3","6266"
"Yolmer Sanchez","White Sox","120","389","420","5","40","31","2","4.5 %","19.3 %",".103",".270",".224",".268",".326",".262","63","-2.0","-20.1","6.0","0.0","11602"
"Efren Navarro","Angels","54","83","88","0","9","5","0","5.7 %","18.2 %",".048",".313",".253",".295",".301",".261","65","-0.4","-4.0","1.8","0.1","9854"
"Cliff Pennington","- - -","105","210","249","3","24","21","3","10.8 %","19.7 %",".071",".253",".210",".298",".281",".260","57","-1.4","-13.9","2.1","-0.4","3395"
"Daniel Descalso","Rockies","101","185","209","5","22","22","1","9.6 %","21.5 %",".119",".244",".205",".283",".324",".259","44","0.4","-13.1","-3.4","-1.1","8392"
"Carlos Ruiz","Phillies","86","284","320","2","23","22","1","8.8 %","13.4 %",".074",".242",".211",".290",".285",".259","60","-2.1","-17.2","3.1","-0.4","2579"
"Will Middlebrooks","Padres","83","255","270","9","23","29","2","4.1 %","22.2 %",".149",".237",".212",".241",".361",".259","64","0.3","-11.1","-1.2","-0.4","7002"
"Mike Olt","- - -","30","94","102","4","7","5","0","6.9 %","34.3 %",".128",".255",".191",".255",".319",".256","58","-0.9","-5.9","-4.5","-0.8","10698"
"Jose Lobaton","Nationals","44","136","155","3","11","20","0","9.7 %","25.8 %",".096",".253",".199",".279",".294",".256","57","-2.1","-9.9","2.0","-0.3","4243"
"Travis Jankowski","Padres","34","90","96","2","9","12","2","4.2 %","25.0 %",".133",".266",".211",".245",".344",".256","62","0.7","-3.6","0.0","-0.1","13768"
"Sam Fuld","Athletics","120","290","325","2","34","22","9","9.2 %","16.9 %",".097",".235",".197",".276",".293",".255","59","1.3","-14.2","4.6","0.1","8254"
"Chris Owings","Diamondbacks","147","515","552","4","59","43","16","4.7 %","26.1 %",".095",".305",".227",".264",".322",".255","51","4.8","-26.5","-4.6","-1.5","10030"
"Matt Joyce","Angels","93","247","284","5","17","21","0","10.6 %","23.6 %",".117",".215",".174",".272",".291",".255","60","-1.9","-15.1","-7.8","-1.4","3353"
"Martin Maldonado","Brewers","79","229","256","4","19","22","0","9.0 %","25.4 %",".083",".272",".210",".282",".293",".254","54","-0.7","-14.4","9.1","0.3","6887"
"Leonys Martin","Rangers","95","288","310","5","26","25","14","5.2 %","22.3 %",".094",".270",".219",".264",".313",".254","52","2.7","-14.6","9.5","0.5","11846"
"Jon Jay","Cardinals","79","210","245","1","25","10","0","7.8 %","14.7 %",".048",".246",".210",".306",".257",".253","58","-0.8","-12.8","7.9","0.3","5227"
"Byron Buxton","Twins","46","129","138","2","16","6","2","4.3 %","31.9 %",".116",".301",".209",".250",".326",".252","53","-0.4","-7.9","-1.8","-0.6","14161"
"Kevin Plawecki","Mets","73","233","258","3","18","21","0","6.6 %","23.3 %",".077",".277",".219",".280",".296",".252","59","-0.4","-12.7","6.2","0.2","13807"
"Hernan Perez","- - -","112","263","272","1","14","21","5","1.8 %","21.7 %",".084",".309",".243",".257",".327",".251","52","0.8","-14.2","3.5","-0.2","5751"
"Billy Hamilton","Reds","114","412","454","4","56","28","57","6.2 %","16.5 %",".063",".264",".226",".274",".289",".251","53","13.4","-11.4","16.2","2.0","10199"
"Ichiro Suzuki","Marlins","153","398","438","1","45","21","11","7.1 %","11.6 %",".050",".257",".229",".282",".279",".250","56","-0.8","-23.1","3.7","-0.6","1101"
"Darrell Ceciliani","Mets","39","68","75","1","5","3","5","5.3 %","33.3 %",".074",".310",".206",".270",".279",".249","57","0.3","-3.4","3.8","0.3","9954"
"J.J. Hardy","Orioles","114","411","437","8","45","37","0","4.6 %","20.1 %",".092",".257",".219",".253",".311",".248","51","-1.2","-26.0","12.2","0.0","3797"
"Zack Greinke","Dodgers","32","67","77","2","8","3","1","1.3 %","18.2 %",".119",".250",".224",".232",".343",".247","55","0.2","-3.8","8.0","0.7","1943"
"Junior Lake","- - -","29","80","84","1","4","5","4","4.8 %","34.5 %",".125",".300",".200",".238",".325",".246","50","0.1","-4.8","-4.5","-0.7","4672"
"Jonathan Herrera","Cubs","73","126","132","2","14","14","3","1.5 %","17.4 %",".103",".267",".230",".242",".333",".246","50","1.4","-6.4","-1.2","-0.4","4182"
"David Lough","Orioles","84","134","144","4","14","12","2","3.5 %","25.0 %",".112",".245",".201",".241",".313",".245","49","-1.0","-9.6","-1.5","-0.7","7215"
"Todd Cunningham","Braves","39","86","93","0","13","4","2","5.4 %","18.3 %",".047",".275",".221",".280",".267",".244","49","0.5","-5.0","2.6","0.0","10822"
"Casey McGehee","- - -","109","237","258","2","14","20","1","8.1 %","19.4 %",".076",".243",".198",".264",".274",".243","52","-5.0","-19.4","-2.2","-1.4","6086"
"Jose Pirela","Yankees","37","74","78","1","7","5","1","2.6 %","20.5 %",".081",".276",".230",".247",".311",".242","47","-0.2","-5.0","-3.1","-0.6","5485"
"Tuffy Gosewisch","Diamondbacks","38","128","138","1","9","13","2","5.8 %","16.7 %",".070",".248",".211",".261",".281",".242","43","-0.2","-9.4","3.7","-0.2","5277"
"Carlos Corporan","Rangers","33","107","121","3","10","15","0","5.0 %","33.1 %",".121",".242",".178",".244",".299",".242","43","0.0","-8.0","2.3","-0.2","5587"
"Jake Elmore","Rays","51","141","158","2","10","16","1","7.6 %","15.8 %",".078",".231",".206",".263",".284",".241","50","-0.3","-9.4","-5.5","-1.0","7290"
"John Mayberry","Mets","59","110","119","3","8","9","1","7.6 %","27.7 %",".155",".203",".164",".227",".318",".240","51","0.3","-6.5","0.2","-0.3","3390"
"Rickie Weeks Jr.","Mariners","37","84","95","2","7","9","0","9.5 %","26.3 %",".083",".211",".167",".263",".250",".239","50","0.4","-5.2","-4.3","-0.7","1849"
"Omar Infante","Royals","124","440","455","2","39","44","2","2.0 %","15.2 %",".098",".255",".220",".234",".318",".238","43","-0.1","-29.9","6.5","-0.9","1609"
"Tony Cruz","Cardinals","69","142","151","2","6","11","0","4.0 %","21.2 %",".106",".248",".204",".235",".310",".237","47","-0.7","-10.1","1.3","-0.4","2802"
"Alexi Amarista","Padres","118","324","357","3","28","30","5","6.7 %","15.4 %",".083",".232",".204",".257",".287",".236","48","1.0","-20.5","1.9","-0.8","9063"
"Mike Zunino","Mariners","112","350","386","11","28","28","0","5.4 %","34.2 %",".126",".239",".174",".230",".300",".235","47","-0.3","-24.0","6.9","-0.5","13265"
"Kyle Parker","Rockies","46","106","112","3","10","11","1","5.4 %","33.0 %",".132",".242",".179",".223",".311",".234","27","0.9","-8.6","-1.3","-0.7","11763"
"Danny Santana","Twins","91","261","277","0","30","21","8","2.2 %","24.5 %",".077",".290",".215",".241",".291",".231","38","1.9","-17.8","-5.0","-1.5","10322"
"Hector Gomez","Brewers","66","127","134","1","15","7","0","2.2 %","29.9 %",".142",".256",".181",".212",".323",".231","38","0.9","-8.8","1.7","-0.3","2264"
"Collin Cowgill","Angels","55","69","74","1","10","2","2","5.4 %","25.7 %",".101",".245",".188",".233",".290",".231","43","0.5","-4.4","5.3","0.4","7250"
"Bobby Wilson","- - -","56","132","147","1","8","14","0","7.5 %","26.5 %",".061",".258",".189",".255",".250",".230","39","0.1","-10.3","3.1","-0.3","6564"
"Drew Butera","- - -","55","107","120","1","9","5","0","5.0 %","21.7 %",".056",".250",".196",".252",".252",".229","39","-0.7","-9.2","5.0","0.0","3411"
"Nick Franklin","Rays","44","101","109","3","11","7","1","6.4 %","33.9 %",".149",".213",".158",".213",".307",".228","41","0.0","-7.4","-3.6","-0.8","10166"
"Jordan Schafer","Twins","27","69","74","0","9","5","0","4.1 %","31.1 %",".043",".326",".217",".250",".261",".228","36","-0.4","-5.9","-5.4","-0.9","9883"
"Christian Bethancourt","Braves","48","155","160","2","16","12","1","3.1 %","20.6 %",".090",".242",".200",".225",".290",".223","35","-1.1","-13.3","5.1","-0.3","10028"
"David Ross","Cubs","72","159","182","1","6","9","1","11.0 %","33.5 %",".075",".276",".176",".267",".252",".221","33","0.6","-13.7","8.4","0.0","1551"
"Hanser Alberto","Rangers","41","99","104","0","12","4","1","1.9 %","16.3 %",".040",".268",".222",".238",".263",".220","28","0.6","-8.1","5.7","0.1","11902"
"Coco Crisp","Athletics","44","126","139","0","11","6","2","9.4 %","18.0 %",".048",".218",".175",".252",".222",".220","35","1.6","-8.9","0.6","-0.4","1572"
"Chris Herrmann","Twins","45","103","113","2","13","10","0","6.2 %","32.7 %",".126",".203",".146",".214",".272",".218","29","0.5","-8.8","5.5","0.0","9284"
"Everth Cabrera","Orioles","29","96","105","0","7","4","2","4.8 %","21.0 %",".021",".263",".208",".250",".229",".217","29","0.0","-8.6","0.4","-0.5","8155"
"Dustin Garneau","Rockies","22","70","76","2","6","8","0","7.9 %","18.4 %",".129",".167",".157",".224",".286",".215","14","0.3","-7.3","2.5","-0.3","9433"
"Rene Rivera","Rays","110","298","319","5","16","26","0","3.4 %","27.0 %",".097",".230",".178",".213",".275",".215","32","-2.4","-27.5","8.1","-0.9","3648"
"Jeff Mathis","Marlins","32","93","103","2","9","12","0","6.8 %","23.3 %",".129",".186",".161",".214",".290",".215","32","0.6","-7.6","1.1","-0.3","3448"
"Allen Craig","Red Sox","36","79","88","1","6","3","0","8.0 %","29.5 %",".051",".212",".152",".239",".203",".209","22","-0.5","-8.5","-2.8","-0.9","3433"
"Taylor Featherston","Angels","101","154","169","2","23","9","4","4.1 %","27.2 %",".084",".215",".162",".212",".247",".206","26","1.7","-12.8","7.9","0.1","12590"
"Max Scherzer","Nationals","34","69","77","0","4","0","0","2.6 %","29.9 %",".000",".326",".217",".239",".217",".205","22","0.0","-7.0","8.0","0.4","3137"
"Anthony Recker","Mets","32","80","92","2","6","5","1","12.0 %","38.0 %",".088",".186",".125",".239",".213",".205","27","0.6","-7.3","-0.7","-0.5","4063"
"Eric Young","- - -","53","85","94","0","16","5","6","6.4 %","19.1 %",".094",".194",".153",".217",".247",".204","23","2.1","-6.4","-1.5","-0.5","7158"
"Donovan Solano","Marlins","55","90","94","0","6","7","0","1.1 %","19.1 %",".056",".236",".189",".215",".244",".204","24","-1.3","-9.6","-2.1","-0.9","8623"
"Austin Hedges","Padres","56","137","152","3","13","11","0","5.3 %","25.0 %",".080",".202",".168",".215",".248",".203","26","0.8","-12.3","4.0","-0.4","12976"
"Luis Sardinas","Brewers","36","97","105","0","8","4","0","5.7 %","23.8 %",".021",".260",".196",".240",".216",".203","19","-0.2","-10.2","-0.9","-0.8","13153"
"Chris Taylor","Mariners","37","94","102","0","9","1","3","5.9 %","30.4 %",".053",".254",".170",".220",".223",".201","23","0.1","-9.0","2.3","-0.4","13757"
"Sandy Leon","Red Sox","41","114","128","0","8","3","0","5.5 %","21.9 %",".018",".244",".184",".238",".202",".199","15","-1.2","-13.9","5.4","-0.5","5273"
"Kristopher Negron","Reds","43","93","107","0","5","2","2","8.4 %","21.5 %",".022",".186",".140",".238",".161",".196","15","0.5","-10.1","2.2","-0.5","5306"
"Jesus Sucre","Mariners","52","127","142","1","9","7","0","4.2 %","14.8 %",".071",".181",".157",".195",".228",".189","15","-0.2","-14.2","6.3","-0.3","5942"
"Marc Krauss","- - -","27","78","81","2","3","8","0","3.7 %","38.3 %",".115",".200",".141",".173",".256",".188","12","-1.0","-9.3","-3.9","-1.1","7577"
"Jake Arrieta","Cubs","33","79","83","2","5","2","0","1.2 %","54.2 %",".114",".313",".152",".163",".266",".184","7","0.0","-9.0","8.6","0.2","4153"
"Pete Kozma","Cardinals","76","99","111","0","15","2","3","9.0 %","18.9 %",".000",".192",".152",".236",".152",".180","8","2.5","-9.5","0.2","-0.6","2539"
"Brennan Boesch","Reds","51","89","94","1","4","5","1","4.3 %","31.9 %",".056",".207",".146",".191",".202",".179","4","0.8","-9.7","-6.5","-1.4","914"
"Emilio Bonifacio","White Sox","47","78","82","0","5","4","1","2.4 %","32.9 %",".026",".255",".167",".198",".192",".176","4","-0.8","-9.9","1.3","-0.6","4054"
"Willie Bloomquist","Mariners","35","69","72","0","2","4","1","2.8 %","18.1 %",".014",".196",".159",".194",".174",".169","1","-0.1","-8.4","0.7","-0.6","1066"
"Jason Hammel","Cubs","32","65","70","0","6","4","0","1.4 %","25.7 %",".015",".229",".169",".179",".185",".160","-9","0.0","-8.9","7.3","0.1","4538"
"Mike Leake","- - -","37","69","73","2","4","8","0","0.0 %","49.3 %",".130",".194",".116",".116",".246",".153","-13","0.0","-9.6","7.6","0.0","10130"
"Gerrit Cole","Pirates","33","60","71","0","5","2","0","2.8 %","39.4 %",".000",".281",".150",".177",".150",".150","-14","0.0","-9.4","7.4","0.0","13125"
"John Lackey","Cardinals","33","62","70","0","0","3","0","5.7 %","34.3 %",".032",".184",".113",".167",".145",".146","-15","0.0","-9.4","7.3","0.0","1507"
"Clayton Kershaw","Dodgers","34","71","79","0","2","2","0","2.5 %","29.1 %",".028",".188",".127",".162",".155",".146","-14","0.0","-10.5","8.2","0.0","2036"
"James Shields","Padres","36","68","74","0","7","2","0","1.4 %","37.8 %",".029",".225",".132",".145",".162",".136","-21","0.0","-10.4","7.7","0.0","7059"
"Shelby Miller","Braves","33","56","71","0","1","0","0","5.6 %","40.8 %",".036",".111",".054",".117",".089",".102","-48","0.0","-12.2","7.4","-0.3","10197"
"Jon Lester","Cubs","32","62","71","0","6","0","0","4.2 %","42.3 %",".000",".125",".065",".108",".065",".086","-60","0.0","-13.2","7.4","-0.4","4930"
