"Name","Team","Age","G","PA","R","3B","SB","CS","BABIP","AVG","OBP","BsR","IFH","BU","BUH","IFH%","BUH%","Spd","WAR","playerid"
"Mike Trout","Angels","25","114","507","92","3","22","4",".318",".306",".442","4.0","13","0","0","11.2 %","0.0 %","6.2","6.9","10155"
"J.D. Martinez","- - -","29","119","489","85","3","4","0",".327",".303",".376","-5.7","7","0","0","5.9 %","0.0 %","4.7","3.8","6184"
"Aaron Judge","Yankees","25","155","678","128","3","9","4",".357",".284",".422","0.0","5","0","0","4.2 %","0.0 %","4.8","8.2","15640"
"Joey Votto","Reds","33","162","707","106","1","5","1",".321",".320",".454","-9.6","5","0","0","2.7 %","0.0 %","2.8","6.6","4314"
"Rhys Hoskins","Phillies","24","50","212","37","0","2","0",".241",".259",".396","2.1","2","0","0","5.1 %","0.0 %","3.4","2.2","16472"
"Bryce Harper","Nationals","24","111","492","95","1","4","2",".356",".319",".413","-1.2","13","2","2","10.0 %","100.0 %","3.7","4.8","11579"
"Charlie Blackmon","Rockies","30","159","725","137","14","14","10",".371",".331",".399","2.0","16","4","1","7.7 %","25.0 %","6.4","6.5","7859"
"Matt Olson","Athletics","23","59","216","33","0","0","0",".238",".259",".352","-1.8","1","3","0","2.1 %","0.0 %","0.7","2.0","14344"
"Giancarlo Stanton","Marlins","27","159","692","123","0","2","2",".288",".281",".376","-2.4","11","0","0","5.6 %","0.0 %","2.3","6.9","4949"
"Freddie Freeman","Braves","27","117","514","84","2","8","5",".335",".307",".403","0.7","10","0","0","8.3 %","0.0 %","4.3","4.5","5361"
"Jose Altuve","Astros","27","153","662","112","4","32","6",".370",".346",".410","4.0","30","8","6","12.7 %","75.0 %","6.4","7.5","5417"
"Paul Goldschmidt","Diamondbacks","29","155","665","117","3","18","5",".343",".297",".404","3.3","15","0","0","7.8 %","0.0 %","5.6","5.3","9218"
"Justin Turner","Dodgers","32","130","543","72","0","7","1",".326",".322",".415","2.1","5","1","0","3.9 %","0.0 %","3.3","5.5","5235"
"Kris Bryant","Cubs","25","151","665","111","4","7","5",".334",".295",".409","4.8","19","0","0","11.8 %","0.0 %","4.4","6.7","15429"
"Tommy Pham","Cardinals","29","128","530","95","2","25","7",".368",".306",".411","5.3","16","3","1","9.4 %","33.3 %","6.0","5.9","2967"
"Jose Ramirez","Indians","24","152","645","107","6","17","5",".319",".318",".374","-0.9","11","2","0","5.4 %","0.0 %","6.0","6.6","13510"
"Josh Donaldson","Blue Jays","31","113","496","65","0","2","2",".289",".270",".385","2.4","6","1","1","4.8 %","100.0 %","1.6","5.0","5038"
"Nolan Arenado","Rockies","26","159","680","100","7","3","2",".320",".309",".373","0.5","13","1","0","7.6 %","0.0 %","4.1","5.6","9777"
"Anthony Rendon","Nationals","27","147","605","81","1","7","2",".314",".301",".403","1.5","10","0","0","6.8 %","0.0 %","3.5","6.9","12861"
"Carlos Correa","Astros","22","109","481","82","1","2","1",".352",".315",".391","1.6","16","0","0","10.0 %","0.0 %","3.2","5.2","14162"
"Zack Cozart","Reds","31","122","507","80","7","3","0",".312",".297",".385","-1.5","10","0","0","7.2 %","0.0 %","5.3","5.0","2616"
"Michael Conforto","Mets","24","109","440","72","1","2","0",".328",".279",".384","2.9","10","0","0","10.1 %","0.0 %","3.6","4.4","16376"
"Marcell Ozuna","Marlins","26","159","679","93","2","1","3",".355",".312",".376","-5.3","18","0","0","8.1 %","0.0 %","2.3","4.8","10324"
"Ryan Zimmerman","Nationals","32","144","576","90","0","1","0",".335",".303",".358","1.9","13","0","0","7.0 %","0.0 %","2.2","3.3","4220"
"Austin Barnes","Dodgers","27","102","262","35","2","4","1",".329",".289",".408","-1.6","3","0","0","3.8 %","0.0 %","4.9","2.5","12158"
"Nelson Cruz","Mariners","36","155","645","91","0","1","1",".315",".288",".375","-4.0","13","0","0","7.6 %","0.0 %","1.7","3.8","2434"
"Daniel Murphy","Nationals","32","144","593","94","3","2","0",".341",".322",".384","-2.0","2","0","0","1.3 %","0.0 %","3.8","4.3","4316"
"Adrian Beltre","Rangers","38","94","389","47","1","1","0",".321",".312",".383","-3.9","4","0","0","3.1 %","0.0 %","2.3","3.1","639"
"Jesse Winker","Reds","23","47","137","21","0","1","1",".322",".298",".375","-0.5","1","1","0","2.0 %","0.0 %","2.5","0.6","13590"
"Marwin Gonzalez","Astros","28","134","515","67","0","8","3",".343",".303",".377","0.7","8","10","4","5.2 %","40.0 %","3.2","4.1","5497"
"Cody Bellinger","Dodgers","21","132","548","87","4","10","3",".299",".267",".352","2.0","9","8","6","7.8 %","75.0 %","5.5","4.0","15998"
"Anthony Rizzo","Cubs","27","157","691","99","3","10","4",".273",".273",".392","-4.2","4","4","2","2.0 %","50.0 %","4.4","4.0","3473"
"Jose Martinez","Cardinals","28","106","307","47","1","4","0",".350",".309",".379","0.2","9","1","0","10.0 %","0.0 %","4.6","1.6","7996"
"Justin Upton","- - -","29","152","635","100","0","14","5",".341",".273",".361","4.0","6","0","0","4.3 %","0.0 %","4.0","5.0","5222"
"Jose Abreu","White Sox","30","156","675","95","6","3","0",".330",".304",".354","-2.0","14","1","0","6.1 %","0.0 %","4.4","4.1","15676"
"Eric Hosmer","Royals","27","162","671","98","1","6","1",".351",".318",".385","1.8","19","1","1","6.8 %","100.0 %","3.4","4.1","3516"
"George Springer","Astros","27","140","629","112","0","5","7",".297",".283",".367","-2.2","24","0","0","11.3 %","0.0 %","3.1","4.5","12856"
"Avisail Garcia","White Sox","26","136","561","75","5","5","3",".392",".330",".380","1.9","26","0","0","12.2 %","0.0 %","4.3","4.2","5760"
"Justin Bour","Marlins","29","108","429","52","0","1","0",".322",".289",".366","-4.6","5","0","0","4.0 %","0.0 %","1.6","2.2","9744"
"Edwin Encarnacion","Indians","34","157","669","96","1","2","0",".271",".258",".377","-8.4","5","0","0","3.2 %","0.0 %","2.7","2.5","2151"
"Domingo Santana","Brewers","24","151","607","88","0","15","4",".363",".278",".371","3.2","4","0","0","2.5 %","0.0 %","4.0","3.3","10348"
"Kurt Suzuki","Braves","33","81","309","38","0","0","0",".268",".283",".351","-0.9","4","2","1","4.8 %","50.0 %","1.1","2.7","8259"
"Austin Jackson","Indians","30","85","318","46","3","3","1",".385",".318",".387","0.4","9","1","1","8.6 %","100.0 %","5.0","1.8","9848"
"Teoscar Hernandez","- - -","24","27","95","16","0","0","1",".333",".261",".305","0.9","2","0","0","13.3 %","0.0 %","2.7","0.7","13066"
"Justin Smoak","Blue Jays","30","158","637","85","1","0","1",".285",".270",".355","-3.2","3","0","0","2.0 %","0.0 %","1.7","3.4","9054"
"Jorge Alfaro","Phillies","24","29","114","12","0","0","0",".420",".318",".360","-1.8","2","0","0","5.1 %","0.0 %","0.9","0.6","12180"
"Yoenis Cespedes","Mets","31","81","321","46","2","0","1",".316",".292",".352","-0.8","7","0","0","8.8 %","0.0 %","3.0","1.6","13110"
"Eric Thames","Brewers","30","138","551","83","4","4","2",".309",".247",".359","-1.7","6","1","0","5.1 %","0.0 %","4.6","2.1","3711"
"Adam Eaton","Nationals","28","23","107","24","1","3","1",".347",".297",".393","1.8","6","1","0","15.4 %","0.0 %","6.9","0.5","11205"
"Robinson Chirinos","Rangers","33","88","309","46","1","1","0",".298",".255",".360","-2.1","3","2","0","4.1 %","0.0 %","3.7","2.3","3142"
"Lonnie Chisenhall","Indians","28","82","270","34","1","2","2",".326",".288",".360","0.0","3","3","0","4.2 %","0.0 %","3.3","1.4","7571"
"Nick Delmonico","White Sox","24","43","166","25","0","2","0",".277",".262",".373","-0.5","7","3","3","16.3 %","100.0 %","3.7","1.0","13157"
"Tommy La Stella","Cubs","28","73","151","18","0","0","0",".298",".288",".389","0.1","1","0","0","2.1 %","0.0 %","1.1","0.8","12371"
"Gary Sanchez","Yankees","24","122","525","79","0","2","1",".304",".278",".345","-1.4","14","0","0","9.3 %","0.0 %","2.6","4.4","11442"
"Chris Iannetta","Diamondbacks","34","89","316","38","0","0","0",".308",".254",".354","-1.9","6","0","0","8.7 %","0.0 %","1.0","2.2","8267"
"Scooter Gennett","Reds","27","141","497","80","3","3","2",".339",".295",".342","-2.4","6","3","2","4.2 %","66.7 %","4.3","2.4","10339"
"Yonder Alonso","- - -","30","142","521","72","0","2","0",".302",".266",".365","-2.5","1","0","0","0.9 %","0.0 %","2.4","2.4","2530"
"Buster Posey","Giants","30","140","568","62","0","6","1",".347",".320",".400","-1.8","6","0","0","3.2 %","0.0 %","2.8","4.3","9166"
"Colby Rasmus","Rays","30","37","129","17","1","1","0",".368",".281",".318","0.6","1","2","1","4.3 %","50.0 %","4.7","1.1","9893"
"Corey Seager","Dodgers","23","145","613","85","0","4","2",".352",".295",".375","3.6","8","0","0","4.6 %","0.0 %","2.7","5.7","13624"
"Joey Gallo","Rangers","23","145","532","85","3","7","2",".250",".209",".333","4.6","3","1","0","4.3 %","0.0 %","5.5","2.9","14128"
"Aaron Hicks","Yankees","27","88","361","54","0","10","5",".290",".266",".372","2.5","8","4","2","7.7 %","50.0 %","3.9","3.3","5297"
"Adam Lind","Nationals","33","116","301","39","0","1","0",".316",".303",".362","-1.3","3","0","0","2.9 %","0.0 %","2.2","0.9","8027"
"Logan Morrison","Rays","29","149","601","75","1","2","0",".268",".246",".353","0.0","3","0","0","2.5 %","0.0 %","2.4","3.3","9205"
"Brian Dozier","Twins","30","152","705","106","4","16","7",".300",".271",".359","3.6","13","4","2","7.1 %","50.0 %","5.2","5.0","9810"
"Willson Contreras","Cubs","25","117","428","50","0","5","4",".319",".276",".356","-6.0","16","6","3","10.9 %","50.0 %","2.4","3.2","11609"
"Alex Avila","- - -","30","112","376","41","1","0","1",".382",".264",".387","-2.6","3","1","0","4.1 %","0.0 %","1.8","2.5","7476"
"Howie Kendrick","- - -","33","91","334","40","3","12","5",".378",".315",".368","-1.0","9","2","2","6.6 %","100.0 %","5.7","1.6","4229"
"Chris Taylor","Dodgers","26","140","568","85","5","17","4",".361",".288",".354","6.7","20","2","1","13.0 %","50.0 %","6.4","4.7","13757"
"Miguel Sano","Twins","24","114","483","75","2","0","0",".375",".264",".352","-4.2","3","0","0","3.1 %","0.0 %","2.9","2.3","12164"
"Khris Davis","Athletics","29","153","652","91","1","4","0",".290",".247",".336","-1.3","9","0","0","6.2 %","0.0 %","3.4","2.3","9112"
"Travis Shaw","Brewers","27","144","606","84","1","10","0",".312",".273",".349","-1.8","5","2","0","2.9 %","0.0 %","4.5","3.4","11982"
"Matt Carpenter","Cardinals","31","145","622","91","2","2","1",".274",".241",".384","0.4","3","7","4","3.0 %","57.1 %","3.1","2.9","8090"
"Andrew McCutchen","Pirates","30","156","650","94","2","11","5",".305",".279",".363","1.3","13","0","0","7.0 %","0.0 %","4.3","3.7","9847"
"Mitch Haniger","Mariners","26","96","410","58","2","5","4",".338",".282",".352","-2.1","9","2","1","7.4 %","50.0 %","4.3","2.5","14274"
"Aaron Altherr","Phillies","26","107","412","58","5","5","4",".328",".272",".340","-2.0","11","0","0","9.5 %","0.0 %","5.5","1.3","11270"
"Paul DeJong","Cardinals","23","108","443","55","1","1","0",".349",".285",".325","-2.4","7","0","0","7.1 %","0.0 %","2.5","3.0","18015"
"Tyler Flowers","Braves","31","99","370","41","0","0","1",".342",".281",".378","0.3","7","0","0","7.0 %","0.0 %","1.4","2.5","9134"
"Dexter Fowler","Cardinals","31","118","491","68","9","7","3",".305",".264",".363","1.9","6","1","0","4.7 %","0.0 %","5.9","2.7","4062"
"Mark Reynolds","Rockies","33","148","593","82","1","2","1",".343",".267",".352","-2.7","5","1","0","3.4 %","0.0 %","2.7","0.8","7619"
"Josh Reddick","Astros","30","134","540","77","4","7","3",".339",".314",".363","3.3","7","4","2","5.0 %","50.0 %","4.8","3.5","3892"
"Daniel Nava","Phillies","34","80","214","21","1","1","0",".357",".301",".393","-0.3","0","0","0","0.0 %","0.0 %","3.1","1.1","5450"
"Eugenio Suarez","Reds","25","156","632","87","2","4","5",".309",".260",".367","-1.3","12","0","0","7.9 %","0.0 %","3.1","4.1","12552"
"Jonathan Schoop","Orioles","25","160","675","92","0","1","0",".330",".293",".338","-2.1","14","0","0","6.9 %","0.0 %","2.2","4.1","11265"
"Jose Pirela","Padres","27","83","344","43","4","4","3",".343",".288",".347","0.2","10","3","1","8.8 %","33.3 %","5.0","2.1","5485"
"Mike Zunino","Mariners","26","124","435","52","0","1","0",".355",".251",".331","-1.7","3","0","0","4.1 %","0.0 %","1.9","3.6","13265"
"Jake Lamb","Diamondbacks","26","149","635","89","4","6","4",".287",".248",".357","0.8","5","0","0","3.1 %","0.0 %","4.4","2.5","13329"
"Francisco Lindor","Indians","23","159","723","99","4","15","3",".275",".273",".337","4.7","17","10","4","7.8 %","40.0 %","5.1","5.9","12916"
"Brandon Belt","Giants","29","104","451","63","3","3","2",".284",".241",".355","-0.8","3","6","3","3.7 %","50.0 %","4.2","2.3","10264"
"Jesus Aguilar","Brewers","27","133","311","40","2","0","0",".337",".265",".331","-0.4","3","0","0","3.9 %","0.0 %","2.8","0.9","11342"
"Alex Bregman","Astros","23","155","626","88","5","17","5",".311",".284",".352","0.3","9","1","0","5.0 %","0.0 %","5.9","3.8","17678"
"Carlos Santana","Indians","31","154","667","90","3","5","1",".274",".259",".363","0.8","14","3","2","7.2 %","66.7 %","4.0","3.0","2396"
"Jay Bruce","- - -","30","146","617","82","2","1","1",".274",".254",".324","-2.1","5","1","1","3.7 %","100.0 %","2.6","2.7","9892"
"Eddie Rosario","Twins","25","151","589","79","2","9","8",".312",".290",".328","-0.6","10","7","2","5.3 %","28.6 %","3.9","2.5","12155"
"Trey Mancini","Orioles","25","147","586","65","4","1","0",".352",".293",".338","-0.4","21","0","0","10.1 %","0.0 %","3.2","1.8","15149"
"Joe Mauer","Twins","34","141","597","69","1","2","1",".349",".305",".384","-6.2","10","4","3","4.4 %","75.0 %","2.4","2.3","1857"
"Ian Happ","Cubs","22","115","413","62","3","8","4",".316",".253",".328","-2.6","8","2","0","8.3 %","0.0 %","5.7","1.8","17919"
"Yasiel Puig","Dodgers","26","152","570","72","2","15","6",".274",".263",".346","-7.6","16","0","0","8.2 %","0.0 %","4.4","2.9","14225"
"Steven Souza Jr.","Rays","28","148","617","78","2","16","4",".302",".239",".351","3.3","13","5","1","8.6 %","20.0 %","4.8","3.7","5667"
"Christian Yelich","Marlins","25","156","695","100","2","16","2",".336",".282",".369","6.8","11","2","1","4.2 %","50.0 %","5.2","4.5","11477"
"Brandon Nimmo","Mets","24","69","215","26","1","2","0",".360",".260",".379","0.4","2","1","0","3.9 %","0.0 %","4.5","1.1","12927"
"Jed Lowrie","Athletics","33","153","645","86","3","0","1",".314",".277",".360","-1.0","3","1","1","2.2 %","100.0 %","2.7","3.5","4418"
"Ozzie Albies","Braves","20","57","244","34","5","8","1",".316",".286",".354","2.7","5","3","1","6.8 %","33.3 %","7.4","1.9","16556"
"Lorenzo Cain","Royals","31","155","645","86","5","26","2",".340",".300",".363","3.5","21","0","0","9.7 %","0.0 %","6.5","4.1","9077"
"Ryan Braun","Brewers","33","104","425","58","2","12","4",".292",".268",".336","-0.2","10","1","1","6.6 %","100.0 %","5.3","1.5","3410"
"Neil Walker","- - -","31","111","448","59","2","0","2",".297",".265",".362","-0.6","5","2","1","4.5 %","50.0 %","2.8","2.1","7539"
"Matt Adams","- - -","28","131","367","46","1","0","0",".311",".274",".319","0.7","4","0","0","4.0 %","0.0 %","2.0","1.6","9393"
"Cesar Hernandez","Phillies","27","128","577","85","6","15","5",".353",".294",".373","0.7","27","14","9","13.0 %","64.3 %","6.0","3.3","10556"
"Mike Moustakas","Royals","28","148","598","75","0","0","0",".263",".272",".314","-5.4","7","1","1","4.3 %","100.0 %","1.1","2.2","4892"
"Yulieski Gurriel","Astros","33","139","564","69","1","3","2",".308",".299",".332","0.9","13","1","0","6.0 %","0.0 %","2.8","1.8","19198"
"Rafael Devers","Red Sox","20","58","240","34","0","3","1",".342",".284",".338","0.1","7","2","1","8.8 %","50.0 %","3.5","0.9","17350"
"Jedd Gyorko","Cardinals","28","125","481","52","2","6","2",".312",".272",".341","-2.5","7","0","0","5.3 %","0.0 %","3.8","2.5","10816"
"Nick Williams","Phillies","23","83","343","45","4","1","2",".375",".288",".338","-2.2","11","0","0","10.1 %","0.0 %","4.4","0.8","14330"
"Elvis Andrus","Rangers","28","158","689","100","4","25","10",".325",".297",".337","4.4","22","1","0","8.3 %","0.0 %","5.7","4.1","8709"
"Lane Adams","Braves","27","85","122","19","1","10","0",".368",".275",".339","2.5","4","1","0","12.5 %","0.0 %","8.2","0.7","10767"
"Welington Castillo","Orioles","30","96","365","44","0","0","0",".336",".282",".323","-2.3","7","0","0","7.2 %","0.0 %","1.0","2.7","3256"
"Carlos Gomez","Rangers","31","105","426","51","1","13","5",".336",".255",".340","2.1","11","6","1","11.6 %","16.7 %","5.0","2.3","4881"
"Eric Sogard","Brewers","31","94","299","37","1","3","3",".311",".273",".393","-2.3","1","7","4","1.3 %","57.1 %","3.3","1.1","7927"
"Jake Marisnick","Astros","26","106","259","50","0","9","4",".320",".243",".319","3.0","4","7","4","8.0 %","57.1 %","5.5","1.4","11339"
"Matt Joyce","Athletics","32","141","544","78","0","4","1",".263",".243",".335","1.7","3","1","1","2.2 %","100.0 %","3.2","2.4","3353"
"Eduardo Nunez","- - -","30","114","491","60","0","24","7",".333",".313",".341","2.1","23","4","3","10.5 %","75.0 %","4.8","2.2","6848"
"David Peralta","Diamondbacks","29","140","577","82","3","8","4",".333",".293",".352","1.2","17","0","0","7.1 %","0.0 %","4.6","1.8","2136"
"DJ LeMahieu","Rockies","28","155","682","95","4","6","5",".351",".310",".374","-4.5","10","5","1","3.4 %","20.0 %","3.9","1.8","9874"
"Jeimer Candelario","- - -","23","38","142","18","0","0","0",".351",".283",".359","-0.7","4","0","0","9.1 %","0.0 %","1.6","0.4","13621"
"Michael Brantley","Indians","30","90","375","47","1","11","1",".325",".299",".357","4.1","7","0","0","4.9 %","0.0 %","5.0","1.6","4106"
"Lucas Duda","- - -","31","127","491","50","0","0","0",".238",".217",".322","-3.9","1","0","0","1.1 %","0.0 %","0.5","1.1","2502"
"Corey Dickerson","Rays","28","150","629","84","4","4","3",".338",".282",".325","-0.2","17","0","0","9.3 %","0.0 %","4.0","2.6","10762"
"Nick Castellanos","Tigers","25","157","665","73","10","4","5",".313",".272",".320","-2.1","12","0","0","6.7 %","0.0 %","4.6","1.7","11737"
"A.J. Pollock","Diamondbacks","29","112","466","73","6","20","6",".291",".266",".330","2.6","10","2","0","6.4 %","0.0 %","7.5","2.1","9256"
"Shin-Soo Choo","Rangers","34","149","636","96","1","12","3",".305",".261",".357","-1.7","6","6","3","3.0 %","50.0 %","4.7","0.8","3174"
"Mookie Betts","Red Sox","24","153","712","101","2","26","3",".268",".264",".344","9.2","23","0","0","10.3 %","0.0 %","5.5","5.3","13611"
"Pat Valaika","Rockies","24","110","195","28","0","0","0",".291",".258",".284","2.3","1","8","1","2.4 %","12.5 %","1.8","0.6","14885"
"Josh Bell","Pirates","24","159","620","75","6","2","4",".278",".255",".334","-6.8","14","0","0","6.3 %","0.0 %","3.5","0.8","13145"
"Asdrubal Cabrera","Mets","31","135","540","66","0","3","2",".310",".280",".351","-8.9","13","4","1","7.5 %","25.0 %","2.5","1.3","4962"
"Starlin Castro","Yankees","27","112","473","66","1","2","0",".347",".300",".338","1.3","22","0","0","12.0 %","0.0 %","3.5","1.9","4579"
"Brett Phillips","Brewers","23","37","98","9","0","5","0",".408",".276",".351","2.2","1","1","0","5.0 %","0.0 %","4.5","1.0","14735"
"Michael Taylor","Nationals","26","118","432","55","3","17","7",".363",".271",".320","3.0","15","6","3","13.5 %","50.0 %","5.9","3.1","11489"
"Trea Turner","Nationals","24","98","447","75","6","46","8",".329",".284",".338","7.9","22","2","1","12.9 %","50.0 %","8.9","3.0","16252"
"Brian Goodwin","Nationals","26","74","278","41","1","6","0",".291",".251",".313","-0.2","4","1","0","5.7 %","0.0 %","6.0","0.5","12858"
"Gerardo Parra","Rockies","30","115","425","56","1","2","5",".343",".309",".341","-4.3","9","7","3","5.9 %","42.9 %","3.0","0.8","8553"
"Kevin Kiermaier","Rays","27","98","421","56","3","16","7",".337",".276",".338","5.3","14","6","1","10.1 %","16.7 %","5.9","3.0","11038"
"Brett Gardner","Yankees","33","151","682","96","4","23","5",".300",".264",".350","6.0","18","10","4","8.6 %","40.0 %","6.0","3.8","9927"
"Kolten Wong","Cardinals","26","108","411","55","3","8","2",".331",".285",".376","3.7","10","9","4","7.2 %","44.4 %","5.4","2.1","12532"
"Mikie Mahtook","Tigers","27","109","379","50","6","6","0",".324",".276",".330","3.2","18","1","0","14.4 %","0.0 %","6.8","1.6","13130"
"Wil Myers","Padres","26","155","649","80","3","20","6",".297",".243",".328","0.6","16","2","2","10.9 %","100.0 %","5.3","0.9","10047"
"Didi Gregorius","Yankees","27","136","570","73","0","3","1",".287",".287",".318","3.1","16","1","0","9.4 %","0.0 %","2.7","3.9","6012"
"Todd Frazier","- - -","31","147","576","74","1","4","3",".226",".213",".344","-2.0","7","0","0","5.8 %","0.0 %","3.1","3.0","785"
"Ezequiel Carrera","Blue Jays","30","131","325","38","1","10","1",".358",".282",".356","2.8","5","14","3","5.1 %","21.4 %","5.1","0.7","9048"
"Robinson Cano","Mariners","34","150","648","79","0","1","0",".294",".280",".338","-3.0","5","0","0","2.0 %","0.0 %","2.0","3.2","3269"
"Adam Jones","Orioles","31","147","635","82","1","2","1",".312",".285",".322","1.3","20","4","2","9.2 %","50.0 %","2.7","1.7","6368"
"Tim Beckham","- - -","27","137","575","67","5","6","5",".365",".278",".328","0.6","21","5","2","11.9 %","40.0 %","4.4","3.5","7949"
"Jean Segura","Mariners","27","125","566","80","2","22","8",".339",".300",".349","-0.5","21","2","1","8.8 %","50.0 %","5.5","2.9","5933"
"Alex Presley","Tigers","31","71","264","30","3","5","0",".383",".314",".354","-1.3","5","3","0","5.6 %","0.0 %","5.8","0.5","5305"
"Albert Almora Jr.","Cubs","23","132","323","39","1","1","0",".338",".298",".338","-1.7","11","6","1","9.1 %","16.7 %","3.2","1.2","14109"
"Kyle Schwarber","Cubs","24","129","486","67","1","1","1",".244",".211",".315","-0.4","7","3","2","6.8 %","66.7 %","2.8","1.5","16478"
"Whit Merrifield","Royals","28","145","630","80","6","34","8",".308",".288",".324","4.4","21","8","4","11.2 %","50.0 %","6.7","3.1","11281"
"Andrew Benintendi","Red Sox","22","151","658","84","1","20","5",".301",".271",".352","1.4","10","4","0","5.3 %","0.0 %","4.5","2.2","17901"
"Josh Harrison","Pirates","29","128","542","66","2","12","4",".303",".272",".339","2.2","11","9","4","7.7 %","44.4 %","4.9","2.6","8202"
"Seth Smith","Orioles","34","111","373","50","0","2","0",".301",".258",".340","-3.2","6","0","0","5.5 %","0.0 %","3.1","0.5","7331"
"J.T. Realmuto","Marlins","26","141","579","68","5","8","2",".318",".278",".332","1.5","21","0","0","10.2 %","0.0 %","5.0","3.6","11739"
"Matt Chapman","Athletics","24","84","326","39","2","0","3",".290",".234",".313","2.0","3","0","0","4.5 %","0.0 %","3.5","2.7","16505"
"Boog Powell","- - -","24","52","135","24","0","0","1",".349",".282",".358","-0.7","4","3","0","10.0 %","0.0 %","2.9","0.6","15103"
"Dustin Pedroia","Red Sox","33","105","463","46","0","4","3",".315",".293",".369","-4.7","14","2","0","8.0 %","0.0 %","2.2","1.9","8370"
"Wilmer Flores","Mets","25","110","362","42","1","1","1",".270",".271",".307","-2.6","4","0","0","3.9 %","0.0 %","2.4","0.9","5827"
"Kevin Plawecki","Mets","26","37","118","11","0","1","0",".284",".260",".364","0.6","3","0","0","7.3 %","0.0 %","2.7","0.6","13807"
"Johan Camargo","Braves","23","82","256","30","2","0","0",".364",".299",".331","0.5","7","2","0","7.7 %","0.0 %","3.0","1.2","14950"
"Jon Jay","Cubs","32","141","433","65","3","6","2",".368",".296",".374","2.8","5","11","4","3.6 %","36.4 %","5.3","1.6","5227"
"Curtis Granderson","- - -","36","147","527","74","3","6","2",".228",".212",".323","2.9","8","1","0","7.5 %","0.0 %","4.8","2.1","4747"
"Scott Schebler","Reds","26","141","531","63","2","5","3",".248",".233",".307","0.8","7","2","1","4.4 %","50.0 %","3.9","1.4","12225"
"Robbie Grossman","Twins","27","119","456","62","1","3","1",".287",".246",".361","0.1","8","5","1","6.5 %","20.0 %","3.5","0.5","5254"
"Chase Headley","Yankees","33","147","586","77","1","9","2",".341",".273",".352","1.0","11","5","4","6.6 %","80.0 %","4.3","1.9","4720"
"Andrew Toles","Dodgers","25","31","102","17","0","0","1",".280",".271",".314","0.1","4","1","0","9.5 %","0.0 %","3.0","0.5","13414"
"Eric Young","Angels","32","47","125","24","0","12","3",".333",".264",".336","2.3","3","5","2","6.7 %","40.0 %","6.8","0.8","7158"
"Salvador Perez","Royals","27","129","499","57","1","1","0",".280",".268",".297","-3.6","3","0","0","2.4 %","0.0 %","2.4","2.1","7304"
"Odubel Herrera","Phillies","25","138","563","67","3","8","5",".345",".281",".325","1.3","14","7","5","8.0 %","71.4 %","4.3","2.8","11476"
"Joe Panik","Giants","26","138","573","60","5","4","1",".301",".288",".347","-2.1","14","7","2","6.9 %","28.6 %","4.2","2.0","11936"
"John Hicks","Tigers","27","60","190","25","0","2","1",".342",".266",".326","0.0","3","1","0","4.8 %","0.0 %","3.4","0.3","12547"
"Matt Kemp","Braves","32","115","467","47","1","0","2",".318",".276",".318","-6.5","8","0","0","4.8 %","0.0 %","1.7","-0.5","5631"
"Ender Inciarte","Braves","26","158","718","93","5","22","9",".339",".304",".350","2.3","17","21","7","6.5 %","33.3 %","5.4","3.0","4922"
"Manny Machado","Orioles","24","156","690","81","1","9","4",".265",".259",".310","-5.0","19","4","2","8.7 %","50.0 %","3.3","2.8","11493"
"Yoan Moncada","White Sox","22","54","231","31","2","3","2",".325",".231",".338","1.6","3","0","0","5.3 %","0.0 %","5.3","0.9","17232"
"Carlos Gonzalez","Rockies","31","136","534","72","0","3","0",".318",".262",".339","-0.4","10","1","1","5.8 %","100.0 %","3.2","-0.2","7287"
"Adam Duvall","Reds","28","157","647","78","3","5","3",".290",".249",".301","-0.1","13","0","0","9.2 %","0.0 %","3.9","1.8","10950"
"Kyle Seager","Mariners","29","154","650","72","1","2","1",".262",".249",".323","-0.9","10","5","3","6.8 %","60.0 %","2.2","3.5","9785"
"David Freese","Pirates","34","130","503","44","0","0","1",".336",".263",".368","-4.2","16","0","0","8.9 %","0.0 %","1.0","1.6","9549"
"T.J. Rivera","Mets","28","73","231","27","1","1","0",".318",".290",".330","1.1","3","1","0","4.6 %","0.0 %","3.6","0.8","12495"
"Chris Gimenez","Twins","34","77","225","28","0","1","0",".286",".220",".350","-0.5","1","4","1","2.2 %","25.0 %","2.7","1.2","7324"
"Mitch Moreland","Red Sox","31","149","576","73","0","0","1",".278",".246",".326","-2.4","5","1","1","2.9 %","100.0 %","1.7","0.9","3086"
"Javier Baez","Cubs","24","145","508","75","2","10","3",".345",".273",".317","3.8","14","8","2","8.9 %","25.0 %","5.3","2.2","12979"
"Jacoby Ellsbury","Yankees","33","112","409","65","4","22","3",".304",".264",".348","4.7","9","5","3","6.8 %","60.0 %","7.7","1.6","4727"
"Evan Gattis","Astros","30","84","325","41","0","0","1",".278",".263",".311","-3.1","6","0","0","6.5 %","0.0 %","2.0","0.9","11003"
"Denard Span","Giants","33","129","542","73","5","12","7",".295",".272",".329","-0.6","4","8","4","2.1 %","50.0 %","5.5","1.2","8347"
"Yasmani Grandal","Dodgers","28","129","482","50","0","0","1",".298",".247",".308","-4.0","7","2","0","5.2 %","0.0 %","1.1","2.5","11368"
"Brandon Drury","Diamondbacks","24","135","480","41","2","1","1",".320",".267",".317","-0.4","10","0","0","6.0 %","0.0 %","2.4","1.2","11615"
"Russell Martin","Blue Jays","34","91","365","49","0","1","2",".261",".221",".343","-1.3","2","1","0","1.9 %","0.0 %","2.2","1.8","4616"
"Derek Dietrich","Marlins","27","135","464","56","5","0","1",".294",".249",".334","1.5","10","0","0","8.8 %","0.0 %","3.9","1.5","10542"
"Drew Robinson","Rangers","25","48","121","11","0","0","2",".305",".224",".314","-1.0","1","0","0","3.3 %","0.0 %","1.3","0.0","11761"
"Jorge Bonifacio","Royals","24","113","422","55","1","1","1",".324",".255",".320","0.2","5","0","0","4.8 %","0.0 %","2.9","0.9","12174"
"Andrelton Simmons","Angels","27","158","647","77","2","19","6",".291",".278",".331","2.0","20","3","3","7.7 %","100.0 %","5.0","4.9","10847"
"Manny Pina","Brewers","30","107","359","45","0","2","0",".339",".279",".327","-1.4","4","1","0","4.5 %","0.0 %","3.2","2.0","2829"
"Steve Pearce","Blue Jays","34","92","348","38","1","0","0",".281",".252",".319","-1.0","9","0","0","8.9 %","0.0 %","1.9","0.0","9957"
"Brian McCann","Astros","33","97","399","47","1","1","0",".237",".241",".323","-1.8","4","2","2","3.3 %","100.0 %","2.6","1.6","4810"
"Kennys Vargas","Twins","26","78","264","33","0","0","0",".325",".253",".314","0.0","6","0","0","7.5 %","0.0 %","1.5","0.4","12101"
"Austin Slater","Giants","24","34","127","15","1","0","0",".353",".282",".339","1.3","6","0","0","11.1 %","0.0 %","3.0","0.4","16153"
"Trevor Story","Rockies","24","145","555","68","3","7","2",".332",".239",".308","1.0","14","4","2","13.5 %","50.0 %","4.7","1.3","12564"
"Adam Frazier","Pirates","25","121","454","55","6","9","5",".306",".276",".344","2.7","9","2","0","5.4 %","0.0 %","5.7","1.1","15223"
"Raimel Tapia","Rockies","23","70","171","27","2","5","2",".361",".288",".329","2.5","5","2","1","9.6 %","50.0 %","7.2","-0.1","14350"
"Joc Pederson","Dodgers","25","102","323","44","0","4","3",".241",".212",".331","0.6","3","0","0","3.1 %","0.0 %","3.5","0.6","11899"
"Xander Bogaerts","Red Sox","24","148","635","94","6","15","1",".327",".273",".343","8.3","26","0","0","11.7 %","0.0 %","6.7","3.2","12161"
"Omar Narvaez","White Sox","25","90","295","23","0","0","0",".330",".277",".373","-0.9","5","5","1","5.6 %","20.0 %","0.8","1.5","13338"
"Andrew Knapp","Phillies","25","56","204","26","1","1","0",".360",".257",".368","0.3","5","0","0","7.2 %","0.0 %","4.1","0.7","14942"
"Nick Markakis","Braves","33","160","670","76","1","0","2",".324",".275",".354","-1.1","10","0","0","4.2 %","0.0 %","1.9","0.9","5930"
"Matt Holliday","Yankees","37","105","427","50","0","1","0",".273",".231",".316","-3.2","12","0","0","9.5 %","0.0 %","2.1","-0.1","1873"
"Eduardo Escobar","Twins","28","129","499","62","5","5","1",".279",".254",".309","3.0","5","1","0","4.1 %","0.0 %","5.1","1.6","6153"
"Ryon Healy","Athletics","25","149","605","66","0","0","1",".319",".271",".302","-1.8","17","1","1","9.1 %","100.0 %","1.4","0.2","15447"
"Kendrys Morales","Blue Jays","34","150","608","67","0","0","0",".278",".250",".308","-9.3","4","0","0","1.9 %","0.0 %","1.1","-0.6","8610"
"Yasmany Tomas","Diamondbacks","26","47","180","19","1","0","0",".294",".241",".294","0.9","3","0","0","5.5 %","0.0 %","2.3","0.1","17171"
"Melky Cabrera","- - -","32","156","666","78","2","1","2",".299",".285",".324","-3.8","18","2","0","6.7 %","0.0 %","2.3","0.0","4022"
"Ketel Marte","Diamondbacks","23","73","255","30","2","3","1",".290",".260",".345","1.2","5","4","1","6.0 %","25.0 %","4.7","0.9","13613"
"Miguel Rojas","Marlins","28","90","306","37","2","2","1",".324",".290",".361","-0.1","6","6","0","5.3 %","0.0 %","4.1","1.4","7802"
"Yunel Escobar","Angels","34","89","381","43","1","1","4",".305",".274",".333","-4.8","12","0","0","6.9 %","0.0 %","2.6","0.8","4191"
"Hanley Ramirez","Red Sox","33","133","553","58","0","1","3",".272",".242",".320","-5.3","5","0","0","3.1 %","0.0 %","1.5","-0.4","8001"
"Christian Vazquez","Red Sox","26","99","345","43","2","7","2",".348",".290",".330","-2.6","3","0","0","2.4 %","0.0 %","5.1","1.6","9774"
"Daniel Descalso","Diamondbacks","30","131","398","47","5","4","0",".283",".233",".332","0.6","2","0","0","2.0 %","0.0 %","5.8","0.1","8392"
"Nomar Mazara","Rangers","22","148","616","64","2","2","2",".293",".253",".323","-2.2","11","0","0","5.5 %","0.0 %","2.6","0.4","14553"
"Leury Garcia","White Sox","26","87","326","41","2","8","5",".321",".270",".316","-0.6","8","8","1","6.3 %","12.5 %","5.4","1.1","5913"
"John Jaso","Pirates","33","126","302","28","0","1","1",".243",".211",".328","1.8","3","0","0","4.7 %","0.0 %","1.6","0.3","5887"
"Tucker Barnhart","Reds","26","121","423","26","2","4","0",".312",".270",".347","-3.5","6","8","0","4.3 %","0.0 %","3.4","2.0","10200"
"Greg Garcia","Cardinals","27","133","290","27","2","2","1",".335",".253",".365","1.2","3","8","2","3.6 %","25.0 %","3.9","0.7","10951"
"Chase Utley","Dodgers","38","127","353","43","4","6","1",".264",".236",".324","2.4","6","1","0","5.5 %","0.0 %","6.2","1.3","1679"
"Chad Pinder","Athletics","25","87","309","36","1","2","1",".292",".238",".292","-3.2","8","0","0","10.1 %","0.0 %","3.5","0.3","15191"
"Matt Szczur","- - -","27","119","237","28","2","0","2",".275",".226",".350","0.5","8","5","1","13.8 %","20.0 %","3.9","0.4","11255"
"C.J. Cron","Angels","27","100","373","39","1","3","2",".296",".248",".305","-1.7","2","0","0","2.5 %","0.0 %","3.2","0.5","12546"
"Luke Voit","Cardinals","26","62","124","18","0","0","0",".304",".246",".306","0.6","2","0","0","5.0 %","0.0 %","2.3","0.3","14811"
"James McCann","Tigers","27","106","391","39","2","1","0",".300",".253",".318","-1.8","6","1","0","6.0 %","0.0 %","3.3","1.5","12859"
"Hunter Renfroe","Padres","25","122","479","51","1","3","0",".275",".231",".284","0.7","11","0","0","9.5 %","0.0 %","3.2","0.3","15464"
"Brandon Phillips","- - -","36","144","604","81","1","11","8",".308",".285",".319","-2.3","13","3","1","5.3 %","33.3 %","4.1","1.6","791"
"Yadier Molina","Cardinals","34","136","543","60","1","9","4",".285",".273",".312","-5.1","5","1","0","2.7 %","0.0 %","3.9","2.1","7007"
"Randal Grichuk","Cardinals","25","122","442","53","3","6","1",".293",".238",".285","3.0","11","0","0","10.9 %","0.0 %","5.2","1.4","10243"
"Ben Gamel","Mariners","25","134","550","68","5","4","1",".340",".275",".322","3.5","7","1","0","4.0 %","0.0 %","4.9","1.6","12160"
"Francisco Cervelli","Pirates","31","81","304","31","2","0","2",".311",".249",".342","-1.1","5","2","1","4.8 %","50.0 %","2.9","0.9","5275"
"Jason Castro","Twins","30","110","407","49","0","0","0",".318",".242",".333","-2.3","2","2","0","1.9 %","0.0 %","1.5","1.6","8722"
"Delino DeShields","Rangers","24","120","440","75","2","29","8",".358",".269",".347","9.2","19","31","13","16.7 %","41.9 %","7.1","2.3","11379"
"Max Kepler","Twins","24","147","568","67","2","6","1",".276",".243",".312","3.1","8","4","2","4.7 %","50.0 %","4.2","1.2","12144"
"Nori Aoki","- - -","35","110","374","48","2","10","2",".301",".277",".335","-1.2","10","2","1","5.9 %","50.0 %","5.6","0.4","13075"
"Kole Calhoun","Angels","29","155","654","77","2","5","1",".284",".244",".333","-0.5","7","1","1","3.6 %","100.0 %","3.7","2.2","11200"
"Craig Gentry","Orioles","33","77","117","17","1","5","4",".316",".257",".333","0.0","3","7","1","7.9 %","14.3 %","6.5","0.1","9571"
"Marcus Semien","Athletics","26","85","386","53","1","12","1",".300",".249",".325","4.6","7","2","0","7.2 %","0.0 %","5.8","1.7","12533"
"Chris Owings","Diamondbacks","25","97","386","41","1","12","2",".318",".268",".299","2.0","10","6","3","8.5 %","50.0 %","4.9","0.4","10030"
"Cory Spangenberg","Padres","26","129","486","57","2","11","3",".342",".264",".322","5.0","12","17","6","8.1 %","35.3 %","5.0","1.1","12294"
"Yolmer Sanchez","White Sox","25","141","534","63","8","8","9",".321",".267",".319","-1.3","10","9","3","6.0 %","33.3 %","5.3","2.1","11602"
"Jackie Bradley Jr.","Red Sox","27","133","541","58","3","8","3",".294",".245",".323","5.1","13","1","0","7.4 %","0.0 %","4.5","2.3","12984"
"Miguel Cabrera","Tigers","34","130","529","50","0","0","1",".292",".249",".329","-8.1","4","0","0","2.8 %","0.0 %","1.1","-0.2","1744"
"Stephen Piscotty","Cardinals","26","107","401","40","1","3","6",".286",".235",".342","-3.8","8","1","1","6.3 %","100.0 %","2.7","0.2","13367"
"Ian Kinsler","Tigers","35","139","613","90","3","14","5",".244",".236",".313","1.5","4","0","0","2.6 %","0.0 %","5.6","2.4","6195"
"Evan Longoria","Rays","31","156","677","71","2","6","1",".282",".261",".313","1.6","12","0","0","5.4 %","0.0 %","3.8","2.5","9368"
"Jose Reyes","Mets","34","145","561","75","7","24","6",".263",".246",".315","5.4","14","8","1","8.9 %","12.5 %","7.2","2.0","1736"
"Jim Adduci","Tigers","32","29","93","14","2","1","1",".345",".241",".323","0.3","2","1","1","6.9 %","100.0 %","6.2","0.2","6448"
"Dee Gordon","Marlins","29","158","695","114","9","60","16",".354",".308",".341","9.2","22","31","18","7.1 %","58.1 %","8.5","3.3","8203"
"Chris Davis","Orioles","31","128","524","65","1","1","1",".301",".215",".309","-0.9","1","1","0","1.0 %","0.0 %","2.7","0.2","9272"
"Devin Mesoraco","Reds","29","56","165","17","1","1","0",".245",".213",".321","0.0","0","0","0","0.0 %","0.0 %","4.0","0.4","5666"
"Starling Marte","Pirates","28","77","339","48","2","21","4",".324",".275",".333","2.6","14","10","6","12.0 %","60.0 %","7.1","1.2","9241"
"Byron Buxton","Twins","23","140","511","69","6","29","1",".339",".253",".314","11.7","16","22","11","13.9 %","50.0 %","8.2","3.5","14161"
"Yangervis Solarte","Padres","29","128","512","49","0","3","0",".258",".255",".314","-2.8","8","0","0","4.7 %","0.0 %","2.4","1.1","5352"
"Jonathan Lucroy","- - -","31","123","481","45","3","1","0",".286",".265",".345","-2.8","8","0","0","4.0 %","0.0 %","3.1","1.2","7870"
"Jayson Werth","Nationals","38","70","289","35","1","4","3",".270",".226",".322","1.0","4","0","0","5.5 %","0.0 %","3.8","-0.3","1327"
"Jason Heyward","Cubs","27","126","481","59","4","4","4",".284",".259",".326","-0.8","11","2","0","6.3 %","0.0 %","4.3","0.9","4940"
"Danny Valencia","Mariners","32","130","500","54","3","2","2",".312",".256",".314","-5.9","13","0","0","8.1 %","0.0 %","3.3","-0.4","6364"
"Enrique Hernandez","Dodgers","25","140","342","46","2","3","0",".254",".215",".308","3.2","5","2","0","5.5 %","0.0 %","5.1","1.3","10472"
"Rene Rivera","- - -","33","74","237","23","0","0","1",".324",".252",".305","-2.9","4","2","0","7.5 %","0.0 %","1.3","1.0","3648"
"Chris Young","Red Sox","33","90","276","30","2","3","2",".275",".235",".322","0.3","5","0","0","7.5 %","0.0 %","4.3","-0.2","3882"
"Manuel Margot","Padres","22","126","529","53","7","17","7",".309",".263",".313","1.0","18","6","2","11.7 %","33.3 %","6.1","1.9","14712"
"Orlando Arcia","Brewers","22","153","548","56","2","14","7",".317",".277",".324","0.5","20","4","2","9.5 %","50.0 %","4.1","1.2","13185"
"Jorge Polanco","Twins","23","133","544","60","3","13","5",".278",".256",".313","3.7","12","14","5","7.7 %","35.7 %","4.9","1.6","13152"
"Brian Anderson","Marlins","24","25","95","11","1","0","0",".386",".262",".337","0.3","0","0","0","0.0 %","0.0 %","3.7","0.2","18289"
"Luis Valbuena","Angels","31","117","401","42","0","0","2",".210",".199",".294","-2.4","3","1","0","3.2 %","0.0 %","1.3","0.8","4969"
"Jordy Mercer","Pirates","30","145","558","52","5","0","4",".284",".255",".326","-0.9","12","2","0","6.0 %","0.0 %","2.9","1.4","6547"
"Gregor Blanco","Diamondbacks","33","90","256","43","3","15","1",".321",".246",".337","4.8","4","7","2","5.9 %","28.6 %","8.4","0.5","3123"
"Travis d'Arnaud","Mets","28","112","376","39","1","0","0",".250",".244",".293","-2.0","7","0","0","5.7 %","0.0 %","1.6","0.8","7739"
"Keon Broxton","Brewers","27","143","463","66","4","21","7",".323",".220",".299","1.6","9","4","2","8.4 %","50.0 %","7.4","0.7","9253"
"Devon Travis","Blue Jays","26","50","197","22","0","4","2",".299",".259",".291","-0.1","3","1","0","5.5 %","0.0 %","4.1","0.6","13862"
"Yan Gomes","Indians","29","105","383","43","0","0","0",".283",".232",".309","0.3","6","3","1","6.1 %","33.3 %","1.4","1.8","9627"
"Logan Forsythe","Dodgers","30","119","439","56","0","3","2",".299",".224",".351","0.8","6","0","0","5.3 %","0.0 %","2.8","1.7","7185"
"Carlos Asuaje","Padres","25","89","343","28","1","0","1",".346",".270",".334","-1.8","4","7","0","4.3 %","0.0 %","1.9","0.8","15197"
"Wilson Ramos","Rays","29","64","224","19","0","0","0",".262",".260",".290","-3.1","6","0","0","6.6 %","0.0 %","0.5","0.4","1433"
"Yandy Diaz","Indians","25","49","179","25","1","2","0",".336",".263",".352","0.8","3","0","0","4.2 %","0.0 %","5.4","0.5","16578"
"Tommy Joseph","Phillies","25","142","533","51","1","1","0",".280",".240",".289","-4.4","8","0","0","5.2 %","0.0 %","2.2","-1.1","10349"
"Jaycob Brugman","Athletics","25","48","162","12","0","1","2",".340",".266",".346","-0.2","2","2","2","4.1 %","100.0 %","1.3","-0.4","14936"
"Addison Russell","Cubs","23","110","385","52","3","2","1",".289",".239",".304","1.0","9","0","0","8.6 %","0.0 %","4.7","1.4","14106"
"Ian Desmond","Rockies","31","95","373","47","1","15","4",".345",".274",".326","0.7","15","3","0","9.4 %","0.0 %","5.6","-0.8","6885"
"Cameron Rupp","Phillies","28","88","331","35","0","1","0",".298",".217",".299","-2.6","10","0","0","11.4 %","0.0 %","2.1","0.8","11146"
"Shane Peterson","Rays","29","30","88","9","0","2","0",".316",".253",".310","0.8","2","0","0","7.4 %","0.0 %","4.5","0.3","7423"
"Ryan Schimpf","Padres","29","53","197","24","0","0","0",".145",".158",".284","1.9","1","0","0","5.3 %","0.0 %","1.1","0.1","9953"
"Jabari Blash","Padres","27","61","195","24","0","1","2",".319",".213",".333","-0.5","4","0","0","10.8 %","0.0 %","2.3","-0.1","11247"
"Gregory Bird","Yankees","24","48","170","20","0","0","0",".194",".190",".288","-2.2","3","1","0","9.4 %","0.0 %","1.3","-0.4","14131"
"Patrick Kivlehan","Reds","27","115","204","23","1","1","2",".257",".208",".304","0.5","6","0","0","11.5 %","0.0 %","3.3","-0.2","13910"
"Hunter Pence","Giants","34","134","539","55","5","2","3",".301",".260",".315","2.7","21","0","0","9.3 %","0.0 %","3.6","0.7","8252"
"Victor Martinez","Tigers","38","107","435","38","0","0","0",".280",".255",".324","-6.6","2","1","1","1.4 %","100.0 %","0.9","-1.1","393"
"J.P. Crawford","Phillies","22","23","87","8","1","1","0",".306",".214",".356","-0.1","1","0","0","6.7 %","0.0 %","5.5","0.2","15491"
"Kevin Pillar","Blue Jays","28","154","632","72","1","15","6",".280",".256",".300","1.0","14","4","0","6.6 %","0.0 %","4.4","1.9","12434"
"Mike Napoli","Rangers","35","124","485","60","1","1","2",".225",".193",".285","-2.1","4","0","0","4.5 %","0.0 %","2.7","-0.5","3057"
"Dusty Coleman","Padres","30","27","71","6","0","1","0",".367",".227",".268","0.5","1","1","0","10.0 %","0.0 %","3.2","0.0","8979"
"Ehire Adrianza","Twins","27","70","186","30","2","8","1",".291",".265",".324","3.6","2","4","1","3.5 %","25.0 %","7.8","1.0","8418"
"Ben Zobrist","Cubs","36","128","496","58","3","2","2",".251",".232",".318","-1.9","9","3","0","4.8 %","0.0 %","3.6","0.3","7435"
"Willy Garcia","White Sox","24","44","119","15","3","0","0",".311",".238",".305","-0.8","4","1","0","10.5 %","0.0 %","4.4","0.0","12956"
"Brandon Crawford","Giants","30","144","570","58","1","3","5",".293",".253",".305","-1.3","7","1","0","3.7 %","0.0 %","2.5","2.0","5343"
"Kaleb Cowart","Angels","25","50","117","18","1","4","2",".282",".225",".313","0.8","3","3","0","8.8 %","0.0 %","7.1","0.5","11494"
"Brandon Moss","Royals","33","118","401","41","0","2","0",".248",".207",".279","-0.1","1","0","0","1.3 %","0.0 %","2.3","-0.5","4467"
"Mallex Smith","Rays","24","81","282","33","4","16","5",".347",".270",".329","3.1","12","20","5","13.5 %","25.0 %","7.2","0.8","13608"
"Cameron Maybin","- - -","30","114","450","63","2","33","8",".274",".228",".318","4.5","13","5","2","7.6 %","40.0 %","6.9","1.2","5223"
"Nick Ahmed","Diamondbacks","27","53","178","24","1","3","4",".295",".251",".298","-0.7","7","0","0","11.5 %","0.0 %","4.8","0.2","12147"
"Jason Kipnis","Indians","30","90","373","43","0","6","2",".256",".232",".291","3.5","8","2","0","8.2 %","0.0 %","3.8","0.7","9776"
"Kevan Smith","White Sox","29","87","294","23","0","0","0",".323",".283",".309","-2.6","4","4","1","3.0 %","25.0 %","0.9","0.2","12284"
"Stephen Vogt","- - -","32","99","303","25","1","0","1",".249",".233",".285","-2.4","5","1","0","5.9 %","0.0 %","1.7","-0.5","5000"
"Bradley Zimmer","Indians","24","101","332","41","2","18","1",".328",".241",".307","6.7","9","11","4","9.8 %","36.4 %","7.0","1.6","16221"
"Caleb Joseph","Orioles","31","89","266","31","1","0","0",".328",".256",".287","-0.3","4","1","0","4.8 %","0.0 %","2.4","0.4","7087"
"Jarrett Parker","Giants","28","51","177","14","2","2","1",".343",".247",".294","0.7","3","0","0","5.2 %","0.0 %","4.6","0.3","11624"
"Clint Frazier","Yankees","22","39","142","16","4","1","0",".307",".231",".268","0.5","1","0","0","2.9 %","0.0 %","6.1","-0.3","15983"
"Abraham Almonte","Indians","28","69","195","26","3","2","1",".298",".233",".314","1.5","6","1","0","9.2 %","0.0 %","6.1","-0.1","5486"
"Hernan Perez","Brewers","26","136","458","47","3","13","4",".286",".259",".289","2.3","14","7","3","8.2 %","42.9 %","5.3","0.6","5751"
"Freddy Galvis","Phillies","27","162","663","71","6","14","5",".292",".255",".309","0.9","14","13","8","7.8 %","61.5 %","5.3","1.6","6609"
"Gregory Polanco","Pirates","25","108","411","39","0","8","1",".272",".251",".305","3.0","8","0","0","5.9 %","0.0 %","3.7","0.5","12907"
"Matt Davidson","White Sox","26","118","443","43","1","0","1",".285",".220",".260","-4.1","2","0","0","2.2 %","0.0 %","1.8","-0.9","7226"
"Ronald Torreyes","Yankees","24","108","336","35","1","2","0",".326",".292",".314","0.3","16","8","1","11.2 %","12.5 %","3.5","0.6","11400"
"Rickie Weeks Jr.","Rays","34","37","112","13","0","1","0",".413",".216",".321","0.9","0","0","0","0.0 %","0.0 %","3.7","0.1","1849"
"Jesus Sucre","Rays","29","63","192","20","0","2","0",".275",".256",".289","-0.6","1","2","0","1.8 %","0.0 %","3.5","0.8","5942"
"Bruce Maxwell","Athletics","26","76","253","21","0","0","0",".316",".237",".329","-3.1","1","1","0","1.3 %","0.0 %","0.9","0.4","13866"
"Jarrod Dyson","Mariners","32","111","390","56","3","28","7",".285",".251",".324","5.6","13","20","7","10.0 %","35.0 %","7.5","2.1","4866"
"Sam Travis","Red Sox","23","33","83","13","0","1","0",".377",".263",".325","0.0","4","0","0","14.8 %","0.0 %","4.9","0.0","16263"
"Franchy Cordero","Padres","22","30","99","15","3","1","1",".400",".228",".276","1.4","2","1","0","8.7 %","0.0 %","6.6","0.4","14567"
"Mark Trumbo","Orioles","31","146","603","79","0","1","0",".278",".234",".289","-0.9","16","0","0","9.0 %","0.0 %","2.5","-1.2","6876"
"Jose Bautista","Blue Jays","36","157","686","92","0","6","3",".239",".203",".308","-4.9","13","0","0","8.1 %","0.0 %","3.4","-0.5","1887"
"Carlos Ruiz","Mariners","38","54","145","14","0","1","0",".282",".216",".313","-0.6","3","1","0","7.7 %","0.0 %","3.0","0.5","2579"
"Adeiny Hechavarria","- - -","28","97","348","37","5","4","1",".304",".261",".289","0.6","5","6","2","3.9 %","33.3 %","5.7","1.3","10459"
"Brad Miller","Rays","27","110","407","43","3","5","3",".265",".201",".327","-0.6","8","2","1","7.3 %","50.0 %","4.6","-0.1","12775"
"A.J. Ellis","Marlins","36","51","163","17","0","0","0",".222",".210",".298","-1.8","4","5","0","7.3 %","0.0 %","1.4","0.2","5677"
"Wilmer Difo","Nationals","25","124","365","47","4","10","1",".332",".271",".319","3.4","12","12","2","9.3 %","16.7 %","6.9","1.0","14320"
"Brandon Guyer","Indians","31","70","192","23","1","2","0",".303",".236",".326","0.0","6","3","2","12.5 %","66.7 %","5.4","0.0","2636"
"Jose Osuna","Pirates","24","104","227","31","4","0","0",".254",".233",".269","-1.3","5","0","0","5.4 %","0.0 %","4.9","-0.5","12937"
"Troy Tulowitzki","Blue Jays","32","66","260","16","0","0","1",".272",".249",".300","-3.5","8","0","0","7.5 %","0.0 %","0.6","0.0","3531"
"Maikel Franco","Phillies","24","154","623","66","1","0","0",".234",".230",".281","-3.2","7","0","0","3.2 %","0.0 %","1.5","-0.5","12179"
"Derek Fisher","Astros","23","53","166","21","1","3","3",".299",".212",".307","-1.3","2","2","1","4.1 %","50.0 %","5.0","-0.1","16192"
"Erik Gonzalez","Indians","25","60","115","18","0","1","2",".343",".255",".272","0.0","6","2","0","14.3 %","0.0 %","3.8","0.3","13369"
"Aledmys Diaz","Cardinals","26","79","301","31","0","4","1",".282",".259",".290","-1.2","12","5","3","10.9 %","60.0 %","3.5","0.2","15937"
"Roberto Perez","Indians","28","73","248","22","0","0","1",".266",".207",".291","-1.5","2","6","2","2.7 %","33.3 %","1.3","0.5","2900"
"Mac Williamson","Giants","26","28","73","8","0","1","1",".325",".235",".288","0.1","5","0","0","19.2 %","0.0 %","2.8","-0.2","14158"
"Nick Hundley","Giants","33","101","303","27","0","0","0",".307",".244",".272","-0.8","9","2","1","10.2 %","50.0 %","1.1","0.4","3376"
"Miguel Montero","- - -","33","76","213","24","0","1","0",".254",".216",".310","-1.2","0","0","0","0.0 %","0.0 %","2.8","-0.4","3364"
"Ryan Hanigan","Rockies","36","33","112","9","0","0","0",".338",".267",".324","-0.4","0","1","0","0.0 %","0.0 %","0.8","-0.1","4952"
"Tim Anderson","White Sox","24","146","606","72","4","15","1",".328",".257",".276","3.7","23","7","1","10.4 %","14.3 %","6.2","0.2","15172"
"Guillermo Heredia","Mariners","26","123","426","43","0","1","5",".284",".249",".315","-1.3","13","12","4","8.8 %","33.3 %","2.2","0.0","18721"
"Gorkys Hernandez","Giants","29","128","348","40","1","12","4",".331",".255",".327","3.6","7","10","5","6.4 %","50.0 %","5.3","0.4","4146"
"Jonathan Villar","Brewers","26","122","436","49","1","23","8",".330",".241",".293","2.5","15","9","3","9.9 %","33.3 %","5.4","-0.5","10071"
"Juan Lagares","Mets","28","94","272","37","2","7","3",".309",".250",".296","2.7","7","8","3","7.2 %","37.5 %","6.2","1.5","5384"
"Ichiro Suzuki","Marlins","43","136","215","19","0","1","1",".297",".255",".318","0.1","7","2","0","7.7 %","0.0 %","1.9","-0.2","1101"
"Albert Pujols","Angels","37","149","636","53","0","3","0",".249",".241",".286","-6.3","4","0","0","1.8 %","0.0 %","2.1","-2.0","1177"
"Kelby Tomlinson","Giants","27","104","222","32","2","9","1",".327",".258",".332","1.9","8","10","4","11.1 %","40.0 %","7.2","0.3","13005"
"Stephen Drew","Nationals","34","46","106","9","0","0","0",".303",".253",".302","0.2","2","0","0","7.7 %","0.0 %","1.1","0.1","4251"
"Ben Revere","Angels","29","109","308","37","2","21","6",".296",".275",".308","4.5","7","1","1","4.7 %","100.0 %","6.5","0.0","4712"
"Daniel Robertson","Rays","23","75","254","22","2","1","1",".282",".206",".308","-1.3","4","2","0","6.0 %","0.0 %","3.6","0.1","14145"
"Chris Carter","Yankees","30","62","208","20","1","0","0",".284",".201",".284","-1.4","2","0","0","6.1 %","0.0 %","2.3","-0.7","9911"
"Jordan Luplow","Pirates","23","27","87","6","1","0","1",".241",".205",".276","-1.3","1","1","0","4.8 %","0.0 %","3.3","-0.4","16424"
"Jose Iglesias","Tigers","27","130","489","56","1","7","4",".285",".255",".288","2.6","12","5","0","6.0 %","0.0 %","4.2","1.6","10231"
"Carlos Beltran","Astros","40","129","509","60","0","0","0",".263",".231",".283","-2.7","18","0","0","11.3 %","0.0 %","1.8","-1.1","589"
"Amed Rosario","Mets","21","46","170","16","4","7","3",".330",".248",".271","-0.2","10","0","0","16.9 %","0.0 %","7.0","0.3","15518"
"Erick Aybar","Padres","33","108","370","37","1","11","4",".262",".234",".300","0.5","11","8","4","7.8 %","50.0 %","4.6","-0.2","4082"
"Tyler Moore","Marlins","30","104","203","17","0","0","0",".287",".230",".267","-0.5","3","1","0","6.1 %","0.0 %","1.0","-0.2","7244"
"Matt Reynolds","Mets","26","68","130","12","2","0","1",".333",".230",".326","-1.2","6","2","0","14.6 %","0.0 %","4.2","-0.2","13788"
"Adrian Sanchez","Nationals","26","34","75","6","0","0","2",".413",".268",".288","-0.7","1","3","0","5.0 %","0.0 %","2.7","0.1","11338"
"Dominic Smith","Mets","22","49","183","17","0","0","0",".218",".198",".262","-1.2","4","0","0","6.7 %","0.0 %","0.8","-0.6","15653"
"Jace Peterson","Braves","27","89","215","15","2","3","0",".279",".215",".318","1.5","2","2","1","2.5 %","50.0 %","4.9","-0.4","12325"
"Max Moroff","Pirates","24","56","140","19","1","0","1",".280",".200",".302","0.3","1","2","0","3.4 %","0.0 %","4.5","0.5","14556"
"Jett Bandy","Brewers","27","60","188","14","0","1","0",".259",".207",".287","-0.2","1","0","0","2.2 %","0.0 %","2.1","-0.2","12508"
"Peter Bourjos","Rays","30","100","203","27","3","5","4",".282",".223",".272","0.8","7","3","2","10.8 %","66.7 %","7.1","0.1","2578"
"Sandy Leon","Red Sox","28","85","301","32","0","0","0",".280",".225",".290","-3.7","3","4","3","4.2 %","75.0 %","1.5","0.3","5273"
"Rajai Davis","- - -","36","117","366","56","2","29","7",".297",".235",".293","3.9","13","3","1","11.1 %","33.3 %","8.0","0.0","3708"
"Harrison Bader","Cardinals","23","32","92","10","0","2","1",".288",".235",".283","1.6","5","1","1","18.5 %","100.0 %","3.8","0.1","18030"
"Martin Maldonado","Angels","30","138","471","43","1","0","2",".273",".221",".276","-2.7","5","16","2","3.4 %","12.5 %","2.3","1.1","6887"
"Cliff Pennington","Angels","33","87","217","23","0","3","1",".333",".253",".306","1.0","4","3","1","7.1 %","33.3 %","3.5","0.4","3395"
"Ryan Goins","Blue Jays","29","143","459","37","1","3","2",".283",".237",".286","-0.8","4","10","4","2.5 %","40.0 %","2.7","-0.3","9807"
"Billy Hamilton","Reds","26","139","633","85","11","59","13",".313",".247",".299","9.5","19","24","5","9.6 %","20.8 %","9.0","1.2","10199"
"Austin Hedges","Padres","24","120","417","36","0","4","1",".260",".214",".262","-1.0","7","4","2","7.2 %","50.0 %","2.7","0.6","12976"
"Ryan Rua","Rangers","27","63","144","17","0","2","2",".338",".217",".294","-0.9","0","1","0","0.0 %","0.0 %","3.3","-0.5","12409"
"Zack Granite","Twins","24","40","107","14","0","2","2",".250",".237",".321","-1.5","1","2","0","2.3 %","0.0 %","3.5","-0.2","15343"
"Hector Sanchez","Padres","27","75","143","14","0","0","0",".247",".219",".245","-0.8","0","0","0","0.0 %","0.0 %","0.9","-0.1","10289"
"Dansby Swanson","Braves","23","144","551","59","2","3","3",".292",".232",".312","1.6","14","1","0","8.0 %","0.0 %","3.2","0.1","18314"
"Mark Canha","Athletics","28","57","187","16","1","2","0",".274",".208",".262","-0.4","3","0","0","7.7 %","0.0 %","5.0","-0.7","11445"
"Adrian Gonzalez","Dodgers","35","71","252","14","0","0","1",".280",".242",".287","-3.6","4","0","0","5.1 %","0.0 %","0.9","-1.1","1908"
"Andrew Romine","Tigers","31","124","348","45","2","6","4",".281",".233",".289","-1.1","7","3","0","5.9 %","0.0 %","5.5","-0.4","1159"
"Martin Prado","Marlins","33","37","147","13","0","0","0",".282",".250",".279","-1.3","1","0","0","1.7 %","0.0 %","1.3","-0.1","3312"
"Tony Wolters","Rockies","25","83","266","30","1","0","1",".316",".240",".341","-1.3","5","4","1","5.3 %","25.0 %","2.7","-0.1","11470"
"Dixon Machado","Tigers","25","73","181","17","1","1","0",".311",".259",".302","-2.5","7","3","0","9.1 %","0.0 %","3.9","-0.5","11472"
"Matt Wieters","Nationals","31","123","465","43","0","1","0",".264",".225",".288","-3.5","8","0","0","5.7 %","0.0 %","2.0","-0.2","4298"
"Jose Peraza","Reds","23","143","518","50","4","23","8",".293",".259",".297","2.8","16","9","4","8.2 %","44.4 %","5.8","-0.2","13593"
"Rougned Odor","Rangers","23","162","651","79","3","15","6",".224",".204",".252","2.0","9","6","4","4.9 %","66.7 %","5.6","-1.0","12282"
"Chris Herrmann","Diamondbacks","29","106","256","35","0","5","0",".207",".181",".273","2.6","3","1","0","4.3 %","0.0 %","5.0","-0.6","9284"
"Derek Norris","Rays","28","53","198","21","0","1","0",".214",".201",".258","-0.8","2","0","0","5.4 %","0.0 %","2.9","0.1","6867"
"Pablo Sandoval","- - -","30","79","279","27","0","0","1",".240",".220",".265","-1.8","3","0","0","3.0 %","0.0 %","1.6","-0.8","5409"
"Tomas Telis","Marlins","26","48","111","13","3","0","0",".263",".240",".279","0.2","2","0","0","4.2 %","0.0 %","4.9","-0.4","10067"
"J.T. Riddle","Marlins","25","70","247","20","1","0","2",".300",".250",".282","-1.2","6","5","1","6.3 %","20.0 %","2.4","0.0","17642"
"Joey Rickard","Orioles","26","111","277","29","0","8","1",".303",".241",".276","2.5","10","9","4","14.7 %","44.4 %","5.0","0.3","13277"
"Alex Gordon","Royals","33","148","541","52","2","7","4",".261",".208",".293","0.9","6","4","2","4.0 %","50.0 %","4.3","0.0","5209"
"Tyler Collins","Tigers","27","49","169","18","1","0","4",".264",".193",".278","-1.3","2","1","1","5.9 %","100.0 %","4.0","-0.2","12723"
"Daniel Robertson","Indians","31","32","88","9","1","0","1",".224",".225",".287","-1.7","4","2","1","7.4 %","50.0 %","4.0","-0.3","6266"
"Alcides Escobar","Royals","30","162","629","71","5","4","7",".291",".250",".272","3.5","12","13","5","5.9 %","38.5 %","4.3","0.5","6310"
"Adonis Garcia","Braves","32","52","183","19","0","4","0",".247",".237",".273","-0.1","7","1","1","8.5 %","100.0 %","4.6","-0.4","13777"
"Hyun Soo Kim","- - -","29","96","239","20","1","0","0",".287",".231",".307","0.3","2","2","1","2.6 %","50.0 %","2.2","-1.1","18718"
"Rey Fuentes","Diamondbacks","26","64","145","19","2","4","1",".296",".235",".278","0.9","5","3","0","10.9 %","0.0 %","7.2","-0.2","10329"
"Alexi Amarista","Rockies","28","96","176","22","0","1","0",".291",".238",".269","-1.3","2","1","0","3.3 %","0.0 %","3.8","-1.2","9063"
"Drew Butera","Royals","33","75","177","18","1","0","0",".286",".227",".284","1.4","1","1","0","2.7 %","0.0 %","2.8","0.2","3411"
"Darwin Barney","Blue Jays","31","129","362","34","0","7","2",".270",".232",".275","-0.9","11","8","1","8.7 %","12.5 %","3.9","-0.6","2430"
"Jeff Mathis","Diamondbacks","34","60","203","13","2","1","0",".309",".215",".277","-0.4","0","1","0","0.0 %","0.0 %","4.3","-0.2","3448"
"Adam Rosales","- - -","34","105","312","25","0","1","2",".312",".225",".260","0.6","7","8","2","10.4 %","25.0 %","1.9","-0.5","9682"
"Alen Hanson","- - -","24","106","234","36","3","11","3",".268",".221",".262","1.4","7","5","2","8.4 %","40.0 %","8.2","-0.8","12926"
"Cheslor Cuthbert","Royals","24","58","153","10","0","0","0",".301",".231",".275","0.0","3","0","0","6.8 %","0.0 %","0.8","-0.5","10473"
"Rio Ruiz","Braves","23","53","173","22","0","1","0",".231",".193",".283","0.3","1","0","0","1.6 %","0.0 %","3.6","-0.1","14103"
"Chris Coghlan","Blue Jays","32","36","88","7","0","0","0",".264",".200",".299","0.0","0","3","1","0.0 %","33.3 %","1.1","-0.5","6878"
"Dustin Garneau","- - -","29","41","126","10","0","0","0",".257",".188",".272","1.2","1","1","0","4.3 %","0.0 %","1.1","0.2","9433"
"Ruben Tejada","Orioles","27","41","124","17","0","0","0",".265",".230",".293","-1.6","3","1","0","7.7 %","0.0 %","2.6","-0.2","5519"
"Brock Stassi","Phillies","27","51","90","6","1","0","0",".204",".167",".278","-1.2","2","0","0","9.1 %","0.0 %","2.6","-0.3","12244"
"Franklin Barreto","Athletics","21","25","76","10","2","2","0",".333",".197",".250","1.2","3","0","0","27.3 %","0.0 %","8.3","-0.2","15519"
"Trevor Plouffe","- - -","31","100","313","31","0","1","2",".251",".198",".272","-2.8","4","0","0","4.3 %","0.0 %","2.0","-1.2","7462"
"Jefry Marte","Angels","26","45","145","10","0","1","0",".200",".173",".269","-0.6","4","0","0","9.1 %","0.0 %","2.5","-0.6","5107"
"Ramon Torres","Royals","24","33","79","9","0","1","0",".290",".243",".291","-0.5","1","0","0","3.2 %","0.0 %","4.4","0.0","14113"
"Sean Rodriguez","- - -","32","54","153","18","0","1","0",".243",".167",".276","0.3","0","2","0","0.0 %","0.0 %","3.6","-0.5","6589"
"Deven Marrero","Red Sox","26","71","188","32","0","5","0",".296",".211",".259","0.7","6","7","3","10.5 %","42.9 %","6.0","0.2","13325"
"Allen Cordoba","Padres","21","100","227","17","2","2","2",".259",".208",".282","-0.6","4","5","3","5.2 %","60.0 %","3.9","-1.1","15722"
"Michael Saunders","- - -","30","73","234","26","2","0","1",".242",".202",".256","2.2","4","0","0","5.5 %","0.0 %","3.8","-0.7","9981"
"Brock Holt","Red Sox","29","64","164","20","0","2","1",".259",".200",".305","-2.2","8","1","1","12.5 %","100.0 %","3.9","-0.9","9345"
"Richard Urena","Blue Jays","21","21","75","6","0","1","0",".333",".206",".270","0.4","0","2","0","0.0 %","0.0 %","3.6","-0.2","16411"
"Mike Aviles","Marlins","36","37","97","5","0","0","0",".271",".233",".298","-1.8","3","3","0","8.8 %","0.0 %","0.5","-0.3","5986"
"Ty Kelly","- - -","28","70","105","11","0","0","0",".231",".191",".257","1.3","1","4","1","3.6 %","25.0 %","2.0","-0.2","7740"
"Josh Phegley","Athletics","29","57","161","14","0","0","1",".223",".201",".255","-1.4","2","0","0","4.5 %","0.0 %","2.0","0.0","9308"
"Josh Rutledge","Red Sox","28","37","118","10","1","1","0",".316",".224",".297","1.2","6","0","0","13.3 %","0.0 %","5.0","-0.4","11167"
"Taylor Motter","Mariners","27","92","280","29","0","12","1",".232",".198",".257","0.7","6","1","0","7.3 %","0.0 %","5.4","-0.6","12399"
"Danny Santana","- - -","26","82","178","19","2","7","0",".244",".202",".243","2.1","3","8","3","4.6 %","37.5 %","8.0","-0.2","10322"
"Elias Diaz","Pirates","26","64","200","18","0","1","0",".273",".223",".265","-2.7","2","0","0","2.5 %","0.0 %","3.0","-0.3","11680"
"J.J. Hardy","Orioles","34","73","268","24","1","0","1",".252",".217",".255","-2.3","4","2","1","4.3 %","50.0 %","2.6","-0.6","3797"
"Austin Romine","Yankees","28","80","252","19","1","0","0",".277",".218",".272","-1.3","4","3","0","5.1 %","0.0 %","2.2","-0.6","5491"
"Nick Franklin","- - -","26","66","119","9","1","2","0",".207",".179",".269","0.9","2","1","0","5.1 %","0.0 %","5.4","-0.2","10166"
"Jared Hoying","Rangers","28","36","77","13","0","3","0",".306",".222",".260","2.0","1","1","1","4.8 %","100.0 %","6.4","-0.1","10882"
"Andres Blanco","Phillies","33","80","144","10","0","1","0",".232",".192",".257","0.8","0","1","0","0.0 %","0.0 %","2.5","-0.4","1907"
"Giovanny Urshela","Indians","25","67","165","14","0","0","0",".256",".224",".262","-2.1","3","1","1","4.9 %","100.0 %","1.5","-0.5","10681"
"Jurickson Profar","Rangers","24","22","70","8","0","1","1",".227",".172",".294","0.7","3","2","1","16.7 %","50.0 %","3.6","-0.1","10815"
"Christian Arroyo","Giants","22","34","135","9","0","1","2",".231",".192",".244","-1.1","2","0","0","3.5 %","0.0 %","1.9","-0.5","16434"
"Travis Jankowski","Padres","26","27","87","10","0","4","0",".298",".187",".282","1.4","1","7","0","3.8 %","0.0 %","6.1","-0.1","13768"
"Jose Lobaton","Nationals","32","51","158","11","0","0","0",".194",".170",".248","0.2","0","2","0","0.0 %","0.0 %","0.8","-0.6","4243"
"Danny Espinosa","- - -","30","93","295","30","0","4","5",".261",".173",".245","-1.5","4","9","3","6.3 %","33.3 %","3.5","-1.0","9219"
"Gavin Cecchini","Mets","23","32","82","4","0","0","1",".263",".208",".256","-0.7","0","0","0","0.0 %","0.0 %","1.2","-0.4","17005"
"Adam Engel","White Sox","25","97","336","34","3","8","1",".247",".166",".235","4.3","13","15","2","17.8 %","13.3 %","7.4","-0.7","15082"
"Zack Greinke","Diamondbacks","33","33","70","4","0","0","0",".295",".210",".246","0.0","2","5","0","11.1 %","0.0 %","1.2","0.4","1943"
"Eric Fryer","Cardinals","31","34","83","7","0","0","0",".208",".155",".277","-1.1","1","0","0","3.2 %","0.0 %","1.5","-0.4","8145"
"JaCoby Jones","Tigers","25","56","154","14","1","6","2",".288",".170",".240","-0.1","1","1","0","2.6 %","0.0 %","6.9","-0.7","14818"
"Paulo Orlando","Royals","31","39","90","9","0","1","1",".234",".198",".225","0.3","1","1","0","3.6 %","0.0 %","3.9","-0.4","8628"
"Jorge Soler","Royals","25","35","110","7","0","0","0",".203",".144",".245","-0.9","0","0","0","0.0 %","0.0 %","0.8","-1.0","14221"
"Aaron Hill","Giants","35","34","80","7","1","0","0",".145",".132",".250","-0.4","2","0","0","11.8 %","0.0 %","3.5","-0.5","6104"
"Cam Perkins","Phillies","26","42","97","9","0","0","0",".227",".182",".237","-0.5","1","2","1","3.0 %","50.0 %","2.0","-0.7","13444"
"Leonys Martin","- - -","29","49","138","14","1","7","4",".207",".172",".232","0.2","2","6","1","4.9 %","16.7 %","6.9","-0.4","11846"
"Ryder Jones","Giants","23","53","164","12","2","1","0",".250",".173",".244","0.7","3","1","1","8.1 %","100.0 %","5.3","-1.2","15982"
"Tyler Saladino","White Sox","27","79","281","23","2","5","4",".242",".178",".254","0.2","3","5","0","3.6 %","0.0 %","5.0","-1.2","10807"
"Alejandro De Aza","Nationals","33","28","70","8","3","1","0",".250",".194",".224","1.1","2","5","1","10.5 %","20.0 %","7.8","-0.4","3371"
"Conor Gillaspie","Giants","29","44","87","8","0","0","0",".159",".163",".218","0.3","2","0","0","5.6 %","0.0 %","1.9","-0.4","9009"
"Jacob deGrom","Mets","29","37","77","6","0","1","0",".292",".211",".233","0.2","2","4","0","9.1 %","0.0 %","3.9","0.5","10954"
"Chris Heisey","Nationals","32","38","79","8","1","0","0",".216",".162",".215","0.5","2","1","0","10.0 %","0.0 %","4.5","-0.6","3978"
"Carson Kelly","Cardinals","22","34","75","5","0","0","0",".207",".174",".240","-0.4","2","1","0","6.3 %","0.0 %","1.4","-0.4","13620"
"Rob Refsnyder","- - -","26","52","98","8","1","4","1",".211",".170",".247","0.5","2","0","0","5.0 %","0.0 %","6.7","-0.7","13770"
"Chris Stewart","Pirates","35","51","144","8","2","0","0",".220",".183",".241","0.2","2","5","0","4.5 %","0.0 %","3.0","-0.6","3878"
"Luis Torrens","Padres","21","56","139","7","1","0","0",".215",".163",".243","0.1","2","3","0","3.6 %","0.0 %","2.4","-0.8","15905"
"Juan Graterol","Angels","28","48","87","5","0","0","0",".233",".202",".207","-0.5","3","0","0","8.3 %","0.0 %","1.3","-0.4","5398"
"Max Scherzer","Nationals","32","31","72","4","0","0","0",".200",".161",".212","0.0","4","7","0","13.8 %","0.0 %","1.0","0.2","3137"
"Arismendy Alcantara","Reds","25","70","108","13","1","2","0",".258",".171",".187","1.0","1","2","1","2.6 %","50.0 %","7.4","-0.7","10711"
"Stuart Turner","Reds","25","37","89","4","0","0","0",".153",".134",".182","-1.4","1","1","0","3.7 %","0.0 %","0.4","-0.8","15207"
"Luke Maile","Blue Jays","26","46","136","10","0","1","0",".181",".146",".176","0.8","4","1","0","8.3 %","0.0 %","4.0","-0.6","13355"
"Patrick Corbin","Diamondbacks","27","35","70","6","1","0","0",".250",".125",".210","0.0","2","10","2","10.0 %","20.0 %","4.9","0.1","9323"
"Julio Teheran","Braves","26","37","72","4","0","0","0",".195",".140",".167","0.0","2","14","2","7.4 %","14.3 %","2.3","-0.1","6797"
"Gio Gonzalez","Nationals","31","32","75","3","0","0","0",".162",".091",".143","0.0","0","9","1","0.0 %","11.1 %","1.4","-0.2","7448"
