Rank,Player,Team,Position(s),ADP,Min Pick,Max Pick,Difference,# Picks,Team,Team Pick
1,"Trout, Mike",LAA,OF,1.09,1,2,,70,,
2,"Altuve, Jose",HOU,2B,2.16,1,4,,70,,
3,"Goldschmidt, Paul",ARZ,1B,4.29,2,7,,70,,
4,"Turner, Trea",WAS,SS,5.24,2,12,,70,,
5,"Arenado, Nolan",COL,3B,5.37,2,12,,70,,
6,"Kershaw, Clayton",LAD,P,6.9,1,14,,70,,
7,"Harper, Bryce",WAS,OF,8.36,2,14,,70,,
8,"Blackmon, Charlie",COL,OF,8.49,2,19,,70,,
9,"Betts, Mookie",BOS,OF,8.51,3,15,,70,,
10,"Stanton, Giancarlo",NYY,OF,9.19,3,17,,70,,
11,"Scherzer, Max",WAS,P,10.36,6,17,,70,,
12,"Sale, Chris",BOS,P,12.71,7,20,,70,,
13,"Kluber, Corey",CLE,P,13.46,8,20,,70,,
14,"Correa, Carlos",HOU,SS,13.99,5,22,,70,,
15,"Bryant, Kris",CHC,3B,15.36,9,23,,70,,
16,"Judge, Aaron",NYY,OF,17.44,4,28,,70,,
17,"Votto, Joey",CIN,1B,18.61,12,26,,70,,
18,"Machado, Manny",BAL,3B,19.17,8,26,,70,,
19,"Ramirez, Jose",CLE,"2B, 3B",19.27,7,27,,70,,
20,"Sanchez, Gary",NYY,C,20.87,11,42,,70,,
21,"Lindor, Francisco",CLE,SS,21.36,12,28,,70,,
22,"Freeman, Freddie",ATL,1B,22.21,13,32,,70,,
23,"Martinez, J.D.",ARZ,OF,23.74,13,34,,70,,
24,"Bellinger, Cody",LAD,"1B, OF",24.66,12,39,,70,,
25,"Strasburg, Stephen",WAS,P,24.7,10,39,,70,,
26,"Rizzo, Anthony",CHC,1B,25.2,16,33,,70,,
27,"Bumgarner, Madison",SF,P,26.07,13,37,,70,,
28,"Gordon, Dee",SEA,2B,28.06,16,37,,70,,
29,"Donaldson, Josh",TOR,3B,28.56,16,40,,70,,
30,"Springer, George",HOU,OF,30.86,19,39,,70,,
31,"Severino, Luis",NYY,P,33.4,18,51,,70,,
32,"Bregman, Alex",HOU,"SS, 3B",33.64,18,65,,70,,
33,"Syndergaard, Noah",NYM,P,34.34,22,53,,70,,
34,"deGrom, Jacob",NYM,P,34.63,23,47,,70,,
35,"Carrasco, Carlos",CLE,P,35.9,20,49,,70,,
36,"Verlander, Justin",HOU,P,37.14,16,54,,70,,
37,"Jansen, Kenley",LAD,P,38.1,26,59,,70,,
38,"Seager, Corey",LAD,SS,38.9,26,58,,70,,
39,"Dozier, Brian",MIN,2B,38.97,27,59,,70,,
40,"Benintendi, Andrew",BOS,OF,42.31,30,66,,70,,
41,"Abreu, Jose",CWS,1B,43.84,29,60,,70,,
42,"Ray, Robbie",ARZ,P,44.86,26,58,,70,,
43,"Greinke, Zack",ARZ,P,45.01,34,75,,70,,
44,"Kimbrel, Craig",BOS,P,45.43,31,61,,70,,
45,"Upton, Justin",LAA,OF,46.13,28,70,,70,,
46,"Ozuna, Marcell",STL,OF,48.56,32,71,,70,,
47,"Marte, Starling",PIT,OF,49.86,31,76,,70,,
48,"Darvish, Yu",LAD,P,50.87,39,67,,70,,
49,"Hoskins, Rhys",PHI,"1B, OF",51.29,31,79,,69,,
50,"Archer, Chris",TB,P,52.56,34,74,,70,,
51,"Buxton, Byron",MIN,OF,52.99,36,77,,70,,
52,"Martinez, Carlos",STL,P,54.14,39,122,,70,,
53,"Contreras, Willson",CHC,C,54.23,37,157,,70,,
54,"Cruz, Nelson",SEA,UT,55.06,28,73,,70,,
55,"Andrus, Elvis",TEX,SS,56.59,31,82,,70,,
56,"Hamilton, Billy",CIN,OF,57.17,32,120,,70,,
57,"Encarnacion, Edwin",CLE,1B,57.27,34,86,,70,,
58,"Rendon, Anthony",WAS,3B,58.26,33,82,,70,,
59,"Posey, Buster",SF,"C, 1B",60.07,27,113,,70,,
60,"Knebel, Corey",MLW,P,60.99,42,93,,70,,
61,"Pham, Tommy",STL,OF,62.01,36,88,,70,,
62,"Schoop, Jonathan",BAL,2B,63.01,41,86,,70,,
63,"Pollock, A.J.",ARZ,OF,63.79,39,140,,70,,
64,"Chapman, Aroldis",NYY,P,64.87,39,104,,70,,
65,"Murphy, Daniel",WAS,2B,66.91,42,140,,70,,
66,"Hosmer, Eric",KC,1B,68.03,47,92,,70,,
67,"Nola, Aaron",PHI,P,68.57,48,169,,70,,
68,"Merrifield, Whit",KC,2B,69.29,50,106,,70,,
69,"Yelich, Christian",MLW,OF,69.46,44,102,,70,,
70,"Davis, Khris",OAK,OF,70.2,48,90,,70,,
71,"Myers, Wil",SD,1B,72.11,36,96,,70,,
72,"Santana, Domingo",MLW,OF,74.3,49,117,,70,,
73,"Ohtani, Shohei",LAA,P,75.74,25,198,,70,,
74,"Quintana, Jose",CHC,P,77.26,52,165,,70,,
75,"Keuchel, Dallas",HOU,P,77.59,45,185,,70,,
76,"Paxton, James",SEA,P,77.66,51,168,,70,,
77,"Segura, Jean",SEA,SS,79.14,60,126,,70,,
78,"Osuna, Roberto",TOR,P,80.36,56,113,,70,,
79,"Cano, Robinson",SEA,2B,82.74,57,112,,70,,
80,"McCutchen, Andrew",SF,OF,83.03,64,122,,70,,
81,"Turner, Justin",LAD,3B,86.06,64,120,,70,,
82,"Bogaerts, Xander",BOS,SS,86.93,62,123,,70,,
83,"Diaz, Edwin",SEA,P,91.31,66,134,,70,,
84,"Taylor, Chris",LAD,"2B, OF",91.34,37,174,,70,,
85,"Cole, Gerrit",HOU,P,92.39,62,167,,70,,
86,"Rivero, Felipe",PIT,P,93.64,61,182,,70,,
87,"Arrieta, Jake",CHC,P,93.67,64,147,,70,,
88,"Shaw, Travis",MLW,3B,94.67,65,150,,70,,
89,"Cabrera, Miguel",DET,1B,95.52,69,149,,69,,
90,"Sano, Miguel",MIN,3B,96.73,63,182,,70,,
91,"Giles, Ken",HOU,P,97.76,68,157,,70,,
92,"Cespedes, Yoenis",NYM,OF,97.84,64,133,,69,,
93,"Perez, Salvador",KC,C,99.03,45,148,,70,,
94,"Cain, Lorenzo",MLW,OF,99.16,71,146,,70,,
95,"Wood, Alex",LAD,P,101.39,43,149,,70,,
96,"Iglesias, Raisel",CIN,P,102.13,62,161,,70,,
97,"Davis, Wade",COL,P,102.74,68,169,,70,,
98,"Baez, Javier",CHC,"2B, SS",103.5,73,136,,70,,
99,"Castellanos, Nick",DET,"3B, OF",103.64,62,153,,70,,
100,"Allen, Cody",CLE,P,103.64,60,170,,70,,
101,"Realmuto, J.T.",MIA,C,104.47,74,133,,70,,
102,"Tanaka, Masahiro",NYY,P,105.03,58,194,,70,,
103,"Moustakas, Mike",KC,3B,106.69,62,138,,70,,
104,"Castillo, Luis",CIN,P,106.77,72,172,,69,,
105,"Weaver, Luke",STL,P,109.77,55,185,,69,,
106,"Puig, Yasiel",LAD,OF,111.5,75,149,,70,,
107,"Berrios, Jose",MIN,P,111.87,76,228,,70,,
108,"Odor, Rougned",TEX,2B,112.07,72,161,,70,,
109,"Braun, Ryan",MLW,OF,112.39,78,184,,70,,
110,"Gregorius, Didi",NYY,SS,112.4,72,149,,70,,
111,"Desmond, Ian",COL,"1B, OF",114.62,80,179,,69,,
112,"Gonzalez, Marwin",HOU,"1B, 2B, SS, OF",114.81,64,156,,70,,
113,"Story, Trevor",COL,SS,115.11,71,161,,70,,
114,"Inciarte, Ender",ATL,OF,115.51,69,153,,70,,
115,"Colome, Alex",TB,P,116.39,61,179,,70,,
116,"Gallo, Joey",TEX,"1B, 3B",116.54,73,202,,70,,
117,"Hendricks, Kyle",CHC,P,116.9,45,153,,69,,
118,"Hand, Brad",SD,P,117.27,90,183,,70,,
119,"Lamb, Jake",ARZ,3B,117.47,77,156,,70,,
120,"Rosario, Eddie",MIN,OF,117.69,65,169,,70,,
121,"Lester, Jon",CHC,P,120.3,87,210,,70,,
122,"Hill, Rich",LAD,P,120.4,60,199,,70,,
123,"Olson, Matt",OAK,1B,120.45,71,164,,69,,
124,"Stroman, Marcus",TOR,P,121.8,84,154,,70,,
125,"Zimmerman, Ryan",WAS,1B,124.24,61,197,,70,,
126,"Price, David",BOS,P,125.19,81,178,,69,,
127,"Holland, Greg",COL,P,126.8,69,220,,70,,
128,"LeMahieu, DJ",COL,2B,128.77,82,210,,70,,
129,"Devers, Rafael",BOS,3B,129.28,86,166,,69,,
130,"Nunez, Eduardo",BOS,"2B, 3B, OF",130,83,189,,70,,
131,"Doolittle, Sean",WAS,P,131.46,92,204,,69,,
132,"Godley, Zack",ARZ,P,134.53,96,209,,70,,
133,"Moncada, Yoan",CWS,2B,134.91,68,190,,69,,
134,"Seager, Kyle",SEA,3B,135,87,177,,70,,
135,"Acuna, Ronald",ATL,OF,135.61,88,207,,69,,
136,"Samardzija, Jeff",SF,P,140.64,93,187,,70,,
137,"Gonzalez, Gio",WAS,P,140.77,69,194,,70,,
138,"Happ, Ian",CHC,"2B, OF",141.36,108,197,,70,,
139,"Neris, Hector",PHI,P,144.57,99,198,,70,,
140,"Bauer, Trevor",CLE,P,145.69,69,187,,70,,
141,"Gray, Sonny",NYY,P,146,106,201,,70,,
142,"Smoak, Justin",TOR,1B,146.01,68,186,,70,,
143,"Jones, Adam",BAL,OF,146.16,88,195,,70,,
144,"Albies, Ozzie",ATL,2B,147.07,85,224,,69,,
145,"Molina, Yadier",STL,C,149.33,108,202,,70,,
146,"Vizcaino, Arodys",ATL,P,150.59,98,248,,69,,
147,"Margot, Manny",SD,OF,151.07,92,246,,69,,
148,"DeJong, Paul",STL,"2B, SS",151.2,83,230,,70,,
149,"Cueto, Johnny",SF,P,151.68,102,208,,69,,
150,"Eaton, Adam",WAS,OF,154.59,104,193,,69,,
151,"McCullers, Lance",HOU,P,155.75,106,226,,69,,
152,"Bird, Greg",NYY,1B,156.17,109,228,,69,,
153,"Beltre, Adrian",TEX,3B,158.23,117,250,,70,,
154,"Mancini, Trey",BAL,"1B, OF",158.86,89,220,,70,,
155,"Kiermaier, Kevin",TB,OF,159.01,115,254,,70,,
156,"Gattis, Evan",HOU,C,159.46,60,285,,70,,
157,"Mazara, Nomar",TEX,OF,162.29,86,223,,70,,
158,"Polanco, Gregory",PIT,OF,162.45,109,201,,69,,
159,"Conforto, Michael",NYM,OF,164.86,59,279,,70,,
160,"Bruce, Jay",NYM,OF,165.91,76,210,,70,,
161,"Gray, Jon",COL,P,165.94,127,235,,69,,
162,"Zunino, Mike",SEA,C,166.84,114,215,,70,,
163,"Ramos, Wilson",TB,C,167.83,106,224,,69,,
164,"Anderson, Chase",MLW,P,168.97,88,218,,70,,
165,"Duvall, Adam",CIN,OF,169.71,87,237,,70,,
166,"Familia, Jeurys",NYM,P,172.09,102,308,,69,,
167,"Morton, Charlie",HOU,P,172.7,126,230,,70,,
168,"Salazar, Danny",CLE,P,173.17,127,242,,69,,
169,"Santana, Carlos",PHI,1B,174.23,104,227,,70,,
170,"Bell, Josh",PIT,1B,176.41,109,237,,70,,
171,"Melancon, Mark",SF,P,176.87,124,322,,69,,
172,"Castillo, Welington",CWS,C,176.91,129,240,,70,,
173,"Duffy, Danny",KC,P,178.22,121,219,,69,,
174,"Gardner, Brett",NYY,OF,178.61,78,236,,70,,
175,"Lucroy, Jonathan",COL,C,178.74,107,243,,69,,
176,"Souza Jr., Steven",TB,OF,180.7,88,248,,70,,
177,"Santana, Ervin",MIN,P,183.06,104,240,,70,,
178,"Pomeranz, Drew",BOS,P,184.14,126,246,,70,,
179,"Carpenter, Matt",STL,1B,184.49,97,231,,70,,
180,"Schwarber, Kyle",CHC,OF,185.49,74,239,,69,,
181,"Richards, Garrett",LAA,P,185.55,146,235,,69,,
182,"Simmons, Andrelton",LAA,SS,185.7,97,236,,70,,
183,"Thames, Eric",MLW,"1B, OF",188.04,75,244,,70,,
184,"Barnes, Austin",LAD,"C, 2B",188.22,137,291,,69,,
185,"Bradley, Archie",ARZ,P,189.25,113,274,,69,,
186,"Suarez, Eugenio",CIN,3B,189.29,99,226,,70,,
187,"Arcia, Orlando",MLW,SS,189.37,142,254,,70,,
188,"Bour, Justin",MIA,1B,189.39,117,282,,70,,
189,"Villar, Jonathan",MLW,2B,189.58,98,267,,69,,
190,"Garcia, Avisail",CWS,OF,189.91,71,260,,70,,
191,"Kinsler, Ian",LAA,2B,191.67,138,318,,70,,
192,"Healy, Ryon",SEA,"1B, 3B",192.06,124,263,,70,,
193,"Anderson, Tim",CWS,SS,192.37,145,256,,70,,
194,"Fulmer, Michael",DET,P,192.58,154,235,,69,,
195,"Bundy, Dylan",BAL,P,194.19,125,247,,70,,
196,"Gennett, Scooter",CIN,2B,196.74,70,297,,70,,
197,"Longoria, Evan",SF,3B,197.86,123,263,,70,,
198,"Maeda, Kenta",LAD,P,198.71,112,250,,70,,
199,"Taillon, Jameson",PIT,P,199.43,110,276,,69,,
200,"Treinen, Blake",OAK,P,199.48,129,352,,69,,
201,"Peraza, Jose",CIN,"2B, SS",202.91,130,271,,69,,
202,"Peacock, Brad",HOU,P,204.33,114,328,,70,,
203,"Zimmer, Bradley",CLE,OF,204.72,133,272,,69,,
204,"Polanco, Jorge",MIN,SS,205.67,136,280,,70,,
205,"Gausman, Kevin",BAL,P,207.33,147,281,,69,,
206,"Gurriel, Yulieski",HOU,1B,207.44,104,276,,70,,
207,"Miller, Andrew",CLE,P,207.99,128,345,,69,,
208,"Herrera, Kelvin",KC,P,209.51,126,309,,69,,
209,"Haniger, Mitch",SEA,OF,211.36,134,283,,69,,
210,"Parker, Blake",LAA,P,211.88,154,332,,69,,
211,"Herrera, Odubel",PHI,OF,214.24,151,277,,70,,
212,"Lynn, Lance",STL,P,214.94,158,257,,70,,
213,"Dickerson, Corey",TB,OF,215.01,93,279,,70,,
214,"Clevinger, Mike",CLE,P,216.38,173,255,,69,,
215,"Taylor, Michael",WAS,OF,216.43,135,304,,70,,
216,"McCann, Brian",HOU,C,217.33,157,267,,70,,
217,"Lamet, Dinelson",SD,P,217.81,166,275,,69,,
218,"Snell, Blake",TB,P,218.54,139,303,,69,,
219,"DeShields, Delino",TEX,OF,221.59,152,379,,70,,
220,"Walker, Taijuan",ARZ,P,221.9,169,282,,69,,
221,"Cobb, Alex",TB,P,223.89,152,286,,70,,
222,"Grandal, Yasmani",LAD,C,224.33,149,308,,70,,
223,"Giolito, Lucas",CWS,P,224.39,164,289,,69,,
224,"Sanchez, Aaron",TOR,P,224.57,146,299,,69,,
225,"Cozart, Zack",LAA,SS,225.33,103,311,,70,,
226,"Semien, Marcus",OAK,SS,230.07,183,328,,69,,
227,"Owings, Chris",ARZ,"2B, SS, OF",231.71,179,318,,69,,
228,"Morrow, Brandon",CHC,P,232.12,118,414,,68,,
229,"Rosario, Amed",NYM,SS,234,131,348,,69,,
230,"Brach, Brad",BAL,P,236.03,148,377,,68,,
231,"Hicks, Aaron",NYY,OF,236.39,180,319,,69,,
232,"Franco, Maikel",PHI,3B,236.43,147,313,,70,,
233,"Porcello, Rick",BOS,P,236.51,163,284,,70,,
234,"Hamels, Cole",TEX,P,237.97,169,306,,69,,
235,"Faria, Jacob",TB,P,239.39,160,308,,69,,
236,"Wacha, Michael",STL,P,239.87,180,335,,70,,
237,"Teheran, Julio",ATL,P,240.46,161,288,,69,,
238,"Corbin, Patrick",ARZ,P,241.17,173,305,,70,,
239,"Greene, Shane",DET,P,243.19,163,373,,69,,
240,"Rodney, Fernando",MIN,P,243.49,132,516,,70,,
241,"Altherr, Aaron",PHI,OF,246.3,140,354,,70,,
242,"Dahl, David",COL,OF,249.16,161,344,,69,,
243,"Davis, Chris",BAL,1B,249.26,157,346,,69,,
244,"Montgomery, Jordan",NYY,P,249.86,169,297,,69,,
245,"Brantley, Michael",CLE,OF,250.22,163,372,,69,,
246,"Russell, Addison",CHC,SS,250.61,168,338,,69,,
247,"Trumbo, Mark",BAL,OF,251.14,197,324,,70,,
248,"Choo, Shin-Soo",TEX,OF,252.07,85,326,,70,,
249,"Peralta, David",ARZ,OF,252.37,119,308,,70,,
250,"Fowler, Dexter",STL,OF,252.9,166,304,,70,,
251,"Manaea, Sean",OAK,P,252.9,210,302,,69,,
252,"Hernandez, Cesar",PHI,2B,253.74,84,330,,70,,
253,"Castro, Starlin",MIA,2B,254.46,132,363,,70,,
254,"Happ, J.A.",TOR,P,256.38,200,316,,69,,
255,"Reyes, Alex",STL,P,258.45,172,383,,69,,
256,"Alfaro, Jorge",PHI,C,259.35,189,349,,69,,
257,"Reddick, Josh",HOU,OF,260.73,90,356,,70,,
258,"Kipnis, Jason",CLE,2B,261.72,171,362,,69,,
259,"Britton, Zach",BAL,P,261.95,94,444,,63,,
260,"Roark, Tanner",WAS,P,263.6,186,343,,70,,
261,"Harrison, Josh",PIT,"2B, 3B",267.24,175,331,,70,,
262,"Reed, Addison",MIN,P,267.26,120,388,,69,,
263,"Chirinos, Robinson",TEX,C,268.64,201,330,,70,,
264,"Williams, Nick",PHI,OF,270.01,187,382,,69,,
265,"Kepler, Max",MIN,OF,270.51,135,336,,70,,
266,"Beckham, Tim",BAL,SS,271.21,128,407,,70,,
267,"Schebler, Scott",CIN,OF,273.67,163,353,,70,,
268,"Betances, Dellin",NYY,P,274.15,171,401,,68,,
269,"Hedges, Austin",SD,C,274.61,201,367,,69,,
270,"Solarte, Yangervis",TOR,"2B, SS, 3B",275.41,213,338,,69,,
271,"Calhoun, Willie",TEX,OF,275.43,157,386,,69,,
272,"Honeywell, Brent",TB,P,277.81,213,359,,69,,
273,"Odorizzi, Jake",TB,P,278.58,141,353,,69,,
274,"Martinez, Jose",STL,"1B, OF",279.32,218,420,,69,,
275,"Chapman, Matt",OAK,3B,280.36,163,357,,69,,
276,"Broxton, Keon",MLW,OF,280.37,192,376,,70,,
277,"Torres, Gleyber",NYY,SS,280.49,201,406,,69,,
278,"Robertson, David",NYY,P,280.7,143,419,,69,,
279,"Green, Chad",NYY,P,282.88,165,397,,68,,
280,"Bradley Jr., Jackie",BOS,OF,283.1,235,353,,69,,
281,"Kemp, Matt",LAD,OF,283.49,184,454,,70,,
282,"Morrison, Logan",TB,1B,284.93,92,386,,70,,
283,"Calhoun, Kole",LAA,OF,285.33,177,342,,70,,
284,"Frazier, Todd",NYY,3B,286.03,186,451,,70,,
285,"Vazquez, Christian",BOS,C,286.61,188,377,,69,,
286,"Hernandez, Felix",SEA,P,287.52,225,368,,69,,
287,"Devenski, Chris",HOU,P,287.85,202,417,,68,,
288,"Gonzalez, Carlos",COL,OF,287.86,198,371,,69,,
289,"Nelson, Jimmy",MLW,P,289.77,67,440,,70,,
290,"Gohara, Luiz",ATL,P,290.81,241,381,,69,,
291,"d'Arnaud, Travis",NYM,C,291.16,210,340,,70,,
292,"Chatwood, Tyler",CHC,P,292.18,187,464,,68,,
293,"Davies, Zach",MLW,P,296.09,208,413,,70,,
294,"Renfroe, Hunter",SD,OF,296.43,218,358,,69,,
295,"Morales, Kendrys",TOR,UT,296.56,130,447,,70,,
296,"Minor, Mike",TEX,P,299.75,174,412,,69,,
297,"Cabrera, Melky",KC,OF,300.32,106,408,,69,,
298,"Iannetta, Chris",COL,C,301.68,200,469,,69,,
299,"Piscotty, Stephen",OAK,OF,302.06,241,395,,69,,
300,"Flowers, Tyler",ATL,C,302.23,234,364,,70,,
301,"Belt, Brandon",SF,1B,305.35,217,374,,69,,
302,"Cabrera, Asdrubal",NYM,"2B, SS, 3B",306.14,190,443,,70,,
303,"Pujols, Albert",LAA,UT,307.63,154,453,,70,,
304,"Hader, Josh",MLW,P,309.55,201,401,,69,,
305,"McCann, James",DET,C,310.62,210,394,,69,,
306,"Reyes, Jose",NYM,"2B, SS, 3B",311.83,132,411,,70,,
307,"Alonso, Yonder",CLE,1B,312.79,125,473,,70,,
308,"Robles, Victor",WAS,OF,313.37,193,417,,67,,
309,"Estrada, Marco",TOR,P,313.75,184,389,,69,,
310,"Tomas, Yasmany",ARZ,OF,315.51,253,396,,69,,
311,"Pillar, Kevin",TOR,OF,315.89,187,420,,70,,
312,"Hernandez, Teoscar",TOR,OF,316.03,230,404,,66,,
313,"Straily, Dan",MIA,P,316.21,224,389,,70,,
314,"Barraclough, Kyle",MIA,P,316.43,228,412,,68,,
315,"Wieters, Matt",WAS,C,317.83,214,386,,69,,
316,"Boxberger, Brad",ARZ,P,321.32,179,532,,66,,
317,"Martin, Russell",TOR,C,321.7,221,395,,69,,
318,"Flores, Wilmer",NYM,"1B, 3B",322.96,246,416,,68,,
319,"Winker, Jesse",CIN,OF,323.13,232,500,,69,,
320,"Leake, Mike",SEA,P,323.36,232,423,,70,,
321,"Claudio, Alex",TEX,P,325.57,225,458,,69,,
322,"Ramirez, Hanley",BOS,UT,325.81,212,485,,69,,
323,"Kopech, Michael",CWS,P,326.78,251,414,,67,,
324,"Barnhart, Tucker",CIN,C,327.01,254,397,,69,,
325,"Mikolas, Miles",STL,P,327.9,236,613,,67,,
326,"Newcomb, Sean",ATL,P,328.28,253,425,,69,,
327,"McHugh, Collin",HOU,P,329.54,215,453,,65,,
328,"Crawford, Brandon",SF,SS,330.09,228,408,,69,,
329,"Parra, Gerardo",COL,OF,330.41,181,417,,69,,
330,"Minaya, Juan",CWS,P,332.16,216,451,,64,,
331,"Shoemaker, Matt",LAA,P,332.42,254,390,,69,,
332,"Mahtook, Mikie",DET,OF,333.15,166,406,,66,,
333,"Mondesi, Raul",KC,2B,333.36,242,437,,64,,
334,"Bedrosian, Cam",LAA,P,333.59,231,441,,64,,
335,"Marquez, German",COL,P,333.62,268,461,,68,,
336,"Brinson, Lewis",MIA,OF,338.5,247,451,,68,,
337,"Edwards, C.J.",CHC,P,338.71,234,511,,59,,
338,"Candelario, Jeimer",DET,3B,338.9,189,451,,67,,
339,"Gomez, Carlos",TEX,OF,339.57,235,416,,69,,
340,"Ryu, Hyun-Jin",LAD,P,341.06,240,449,,69,,
341,"Vogt, Stephen",MLW,C,342.59,250,477,,68,,
342,"Rodriguez, Eduardo",BOS,P,342.9,183,515,,69,,
343,"Mejia, Francisco",CLE,UT,344.31,253,418,,62,,
344,"Suzuki, Kurt",ATL,C,346.43,230,458,,70,,
345,"Smith, Mallex",TB,OF,347.13,252,477,,55,,
346,"Nova, Ivan",PIT,P,348.61,237,403,,70,,
347,"Sisco, Chance",BAL,C,349.67,233,500,,69,,
348,"Matz, Steven",NYM,P,353.19,254,473,,69,,
349,"Kingery, Scott",PHI,2B,353.66,278,512,,64,,
350,"Foltynewicz, Michael",ATL,P,353.68,288,432,,69,,
351,"Sabathia, CC",NYY,P,354.25,284,479,,69,,
352,"Gyorko, Jedd",STL,3B,356.57,174,444,,70,,
353,"Chacin, Jhoulys",MLW,P,356.59,209,513,,70,,
354,"Perez, Hernan",MLW,"3B, OF",358.14,284,459,,65,,
355,"Marte, Ketel",ARZ,SS,360.34,279,478,,68,,
356,"Montgomery, Mike",CHC,P,361.17,286,452,,63,,
357,"Galvis, Freddy",SD,SS,361.18,179,454,,66,,
358,"Pina, Manny",MLW,C,361.88,251,440,,69,,
359,"Buehler, Walker",LAD,P,363.52,266,461,,65,,
360,"Hays, Austin",BAL,OF,366.17,266,646,,66,,
361,"Pederson, Joc",LAD,OF,366.38,255,483,,65,,
362,"Rodon, Carlos",CWS,P,366.8,219,499,,61,,
363,"Ramos, A.J.",NYM,P,366.95,191,452,,60,,
364,"Grichuk, Randal",TOR,OF,367.43,216,496,,69,,
365,"Steckenrider, Drew",MIA,P,367.44,272,509,,55,,
366,"Harvey, Matt",NYM,P,369.87,287,490,,68,,
367,"Phillips, Brandon",LAA,"2B, 3B",370.29,115,506,,68,,
368,"Flaherty, Jack",STL,P,371.16,294,461,,68,,
369,"McMahon, Ryan",COL,1B,372.13,193,538,,67,,
370,"Velasquez, Vince",PHI,P,372.15,250,452,,68,,
371,"Maybin, Cameron",HOU,OF,372.58,214,478,,59,,
372,"Almora, Albert",CHC,OF,374.25,257,496,,61,,
373,"Glasnow, Tyler",PIT,P,375.03,286,485,,68,,
374,"Panik, Joe",SF,2B,375.34,174,501,,67,,
375,"Skaggs, Tyler",LAA,P,375.7,270,505,,69,,
376,"Wong, Kolten",STL,2B,376.46,265,492,,61,,
377,"Castro, Jason",MIN,C,376.62,302,458,,69,,
378,"Lopez, Reynaldo",CWS,P,376.74,280,506,,65,,
379,"Reynolds, Mark",COL,1B,377.73,80,518,,67,,
380,"Woodruff, Brandon",MLW,P,379.13,301,500,,67,,
381,"Bautista, Jose",TOR,OF,379.19,141,501,,69,,
382,"Eickhoff, Jerad",PHI,P,380.34,298,459,,68,,
383,"Swanson, Dansby",ATL,SS,381.61,281,480,,62,,
384,"Tulowitzki, Troy",TOR,SS,381.66,191,491,,68,,
385,"Crawford, J.P.",PHI,3B,381.86,221,552,,69,,
386,"Gregerson, Luke",STL,P,382.3,175,663,,60,,
387,"Spangenberg, Cory",SD,"3B, OF",383.26,247,470,,62,,
388,"Gomes, Yan",CLE,C,383.94,246,466,,68,,
389,"Junis, Jake",KC,P,385.13,307,470,,67,,
390,"Senzel, Nick",CIN,3B,387.14,284,521,,57,,
391,"Pirela, Jose",SD,OF,388.53,296,461,,64,,
392,"Tapia, Raimel",COL,OF,389.48,290,467,,60,,
393,"Chisenhall, Lonnie",CLE,OF,389.98,275,504,,62,,
394,"Mauer, Joe",MIN,1B,391.03,152,479,,63,,
395,"Hildenberger, Trevor",MIN,P,394.25,258,623,,53,,
396,"Cron, C.J.",LAA,1B,394.25,251,518,,57,,
397,"Givens, Mychal",BAL,P,395.75,296,564,,60,,
398,"Kela, Keone",TEX,P,396.74,269,586,,61,,
399,"Maldonado, Martin",LAA,C,399.07,308,514,,69,,
400,"Cotton, Jharel",OAK,P,400.68,329,506,,69,,
401,"Bonifacio, Jorge",KC,OF,402.48,296,473,,66,,
402,"Musgrove, Joe",PIT,P,402.83,296,521,,66,,
403,"Kuhl, Chad",PIT,P,402.97,317,512,,69,,
404,"Travis, Devon",TOR,2B,403.39,281,477,,59,,
405,"Frazier, Adam",PIT,"2B, OF",404.35,277,514,,66,,
406,"Moreland, Mitch",BOS,1B,404.49,171,544,,65,,
407,"Headley, Chase",SD,"1B, 3B",405.03,153,500,,65,,
408,"Smith, Dominic",NYM,1B,406.36,315,594,,56,,
409,"Mahle, Tyler",CIN,P,406.68,270,641,,59,,
410,"Fowler, Dustin",OAK,OF,406.75,299,527,,56,,
411,"Heyward, Jason",CHC,OF,409.05,332,503,,63,,
412,"Soria, Joakim",CWS,P,409.46,239,672,,63,,
413,"Walker, Neil",MLW,2B,411.39,315,487,,64,,
414,"Jones, Nate",CWS,P,412.93,289,560,,57,,
415,"Urena, Jose",MIA,P,414.89,297,576,,66,,
416,"Nicasio, Juan",SEA,P,415.07,265,512,,56,,
417,"Drury, Brandon",ARZ,2B,417.19,260,504,,62,,
418,"Avila, Alex",ARZ,C,418.05,203,520,,59,,
419,"Ellsbury, Jacoby",NYY,OF,418.16,219,499,,56,,
420,"Fisher, Derek",HOU,OF,418.8,233,564,,55,,
421,"Mengden, Daniel",OAK,P,418.83,315,552,,66,,
422,"Sanchez, Yolmer",CWS,"2B, 3B",419.86,213,544,,58,,
423,"Lyons, Tyler",STL,P,421.55,273,609,,58,,
424,"Ziegler, Brad",MIA,P,423.58,288,614,,57,,
425,"Gamel, Ben",SEA,OF,424.86,204,520,,58,,
426,"Escobar, Eduardo",MIN,3B,425.02,172,521,,63,,
427,"Lowrie, Jed",OAK,2B,425.08,139,527,,62,,
428,"Markakis, Nick",ATL,OF,426.35,188,502,,60,,
429,"Anderson, Tyler",COL,P,426.52,320,578,,64,,
430,"DeSclafani, Anthony",CIN,P,426.54,299,675,,67,,
431,"Forsythe, Logan",LAD,"2B, 3B",430.27,328,531,,59,,
432,"Dyson, Jarrod",SEA,OF,431.79,236,609,,56,,
433,"Madson, Ryan",WAS,P,433.35,315,553,,54,,
434,"Heaney, Andrew",LAA,P,435.19,332,582,,63,,
435,"Pivetta, Nick",PHI,P,435.56,308,545,,57,,
436,"Jimenez, Eloy",CWS,OF,437.34,257,583,,61,,
437,"Cervelli, Francisco",PIT,C,437.95,354,537,,60,,
438,"Pinder, Chad",OAK,"SS, OF",437.98,310,576,,63,,
439,"Difo, Wilmer",WAS,"2B, SS",439.43,373,560,,54,,
440,"Moore, Matt",TEX,P,440.16,260,552,,63,,
441,"Camargo, Johan",ATL,"SS, 3B",441.33,224,579,,61,,
442,"Pedroia, Dustin",BOS,2B,441.59,257,532,,63,,
443,"Duda, Lucas",TB,1B,442.57,332,577,,58,,
444,"Minter, A.J.",ATL,P,443.4,351,643,,57,,
445,"Murphy, Tom",COL,C,444.25,345,587,,55,,
446,"Wheeler, Zack",NYM,P,444.77,302,585,,66,,
447,"Bridwell, Parker",LAA,P,445.16,267,621,,58,,
448,"Lackey, John",CHC,P,445.74,290,573,,61,,
449,"Span, Denard",TB,OF,445.95,189,549,,55,,
450,"McCarthy, Brandon",ATL,P,446.44,318,640,,63,,
451,"Vargas, Jason",KC,P,447.86,220,596,,70,,
452,"Zobrist, Ben",CHC,"2B, OF",450.25,222,567,,56,,
453,"Davidson, Matt",CWS,3B,450.6,300,596,,57,,
454,"Norris, Daniel",DET,P,450.91,335,569,,66,,
455,"Kennedy, Ian",KC,P,454.03,361,575,,58,,
456,"Petit, Yusmeiro",OAK,P,455.22,332,578,,54,,
457,"Stephenson, Robert",CIN,P,455.4,318,637,,62,,
458,"Kahnle, Tommy",NYY,P,455.54,293,562,,54,,
459,"Finnegan, Brandon",CIN,P,455.74,341,653,,66,,
460,"Tomlin, Josh",CLE,P,456.15,336,594,,62,,
461,"Hirano, Yoshihisa",ARZ,P,456.47,271,729,,49,,
462,"Swarzak, Anthony",NYM,P,456.82,332,577,,56,,
463,"Barreto, Franklin",OAK,SS,456.89,269,590,,55,,
464,"Ramirez, Erasmo",SEA,P,457.51,319,543,,57,,
465,"Pence, Hunter",SF,OF,457.63,304,558,,60,,
466,"Kintzler, Brandon",WAS,P,458.21,148,715,,57,,
467,"Yates, Kirby",SD,P,460.24,351,598,,54,,
468,"Miller, Brad",TB,2B,460.56,345,585,,57,,
469,"Adams, Chance",NYY,P,461.06,338,571,,54,,
470,"Maxwell, Bruce",OAK,C,462.51,374,669,,61,,
471,"Frazier, Clint",NYY,OF,462.93,253,564,,55,,
472,"Wainwright, Adam",STL,P,464.73,286,589,,63,,
473,"Delmonico, Nicky",CWS,OF,464.87,319,591,,54,,
474,"Adams, Matt",WAS,1B,465.28,218,552,,58,,
475,"Tilson, Charlie",CWS,OF,467.25,345,584,,55,,
476,"Gibson, Kyle",MIN,P,469.57,321,669,,56,,
477,"Phillips, Brett",MLW,OF,472.06,388,583,,52,,
478,"Diaz, Aledmys",TOR,SS,473.42,402,601,,55,,
479,"Andriese, Matt",TB,P,473.56,263,591,,52,,
480,"Andujar, Miguel",NYY,3B,474.31,300,661,,55,,
481,"Soler, Jorge",KC,OF,475.78,392,599,,54,,
482,"Williams, Trevor",PIT,P,476.19,355,596,,53,,
483,"Duffy, Matt",TB,3B,476.78,372,590,,54,,
484,"Graveman, Kendall",OAK,P,481.56,380,587,,62,,
485,"Bush, Matt",TEX,P,484.2,332,588,,54,,
486,"Triggs, Andrew",OAK,P,484.6,384,630,,55,,
487,"Karns, Nate",KC,P,485.52,406,588,,54,,
488,"Lind, Adam",WAS,"1B, OF",485.55,374,595,,51,,
489,"Diaz, Yandy",CLE,3B,486.54,285,619,,52,,
490,"Fulmer, Carson",CWS,P,487.94,316,611,,54,,
491,"Joseph, Caleb",BAL,C,488.78,338,593,,55,,
492,"Joyce, Matt",OAK,OF,490.91,149,598,,55,,
493,"Rupp, Cameron",PHI,C,491.26,369,582,,57,,
494,"Oh, Seung-Hwan",STL,P,492.26,292,712,,53,,
495,"Torreyes, Ronald",NYY,"2B, SS, 3B",495.84,272,684,,62,,
496,"Mesoraco, Devin",CIN,C,496.17,343,606,,54,,
497,"Martin, Leonys",DET,OF,499.67,348,700,,52,,
498,"Herrmann, Chris",ARZ,"C, OF",500.05,277,612,,57,,
499,"Garcia, Leury",CWS,OF,501.08,347,608,,53,,
500,"Kendrick, Howie",WAS,OF,501.96,390,599,,54,,
501,"Aguilar, Jesus",MLW,1B,502.16,351,598,,51,,
502,"Hundley, Nick",SF,C,504.17,366,630,,53,,
503,"Adames, Willy",TB,SS,504.53,372,647,,55,,
504,"Toles, Andrew",LAD,OF,506.04,431,623,,51,,
505,"Mercer, Jordy",PIT,SS,506.83,361,594,,54,,
506,"Richard, Clayton",SD,P,508.36,307,699,,59,,
507,"Ramirez, Noe",LAA,P,509.75,222,727,,8,,
508,"Revere, Ben",LAA,OF,509.87,355,652,,47,,
509,"Perdomo, Luis",SD,P,511.14,359,624,,58,,
510,"Hernandez, Kike",LAD,"SS, OF",512.61,328,615,,54,,
511,"McGee, Jake",COL,P,512.67,362,744,,52,,
512,"Makita, Kazuhisa",SD,P,512.69,364,750,,13,,
513,"Dietrich, Derek",MIA,3B,513,418,581,,50,,
514,"Feliz, Neftali",ARZ,P,514,514,514,,1,,
515,"Neshek, Pat",PHI,P,514.04,235,654,,55,,
516,"Caratini, Victor",CHC,C,515.15,369,617,,47,,
517,"Meadows, Austin",PIT,OF,515.76,406,623,,51,,
518,"Gordon, Alex",KC,OF,517.04,326,608,,51,,
519,"Alford, Anthony",TOR,OF,518.83,410,650,,40,,
520,"Bauers, Jake",TB,OF,519.23,379,613,,52,,
521,"De Leon, Jose",TB,P,520.31,343,694,,51,,
522,"Iglesias, Jose",DET,SS,520.41,393,597,,51,,
523,"Arroyo, Christian",TB,3B,522.33,329,706,,54,,
524,"Cishek, Steve",CHC,P,523.17,349,700,,53,,
525,"Dyson, Sam",SF,P,523.53,345,718,,53,,
526,"Moran, Colin",PIT,1B,524.36,348,727,,53,,
527,"Keller, Mitch",PIT,P,525.26,421,615,,47,,
528,"Boyd, Matt",DET,P,525.85,400,653,,46,,
529,"Nimmo, Brandon",NYM,OF,526.2,430,607,,50,,
530,"Peters, Dillon",MIA,P,526.78,378,702,,45,,
531,"Gonzalez, Adrian",NYM,1B,526.98,334,696,,54,,
532,"Bailey, Homer",CIN,P,527.27,383,625,,45,,
533,"Marisnick, Jake",HOU,OF,527.27,287,641,,49,,
534,"Freeland, Kyle",COL,P,527.94,279,714,,53,,
535,"Granderson, Curtis",TOR,OF,528.38,202,691,,52,,
536,"Mitchell, Bryan",SD,P,529.1,406,684,,42,,
537,"Davis, Rajai",BOS,OF,529.86,256,696,,49,,
538,"Joseph, Tommy",PHI,1B,530.3,264,739,,47,,
539,"Hechavarria, Adeiny",TB,SS,531.03,357,654,,38,,
540,"Fried, Max",ATL,P,531.36,423,664,,50,,
541,"Garcia, Jaime",NYY,P,531.75,396,667,,44,,
542,"Fiers, Mike",DET,P,531.87,380,668,,55,,
543,"Ramirez, J.C.",LAA,P,532.59,341,677,,49,,
544,"Leon, Sandy",BOS,C,536.08,391,680,,48,,
545,"Valbuena, Luis",LAA,"1B, 3B",536.13,363,667,,54,,
546,"Puk, AJ",OAK,P,536.68,285,710,,53,,
547,"Hammel, Jason",KC,P,538.42,341,724,,55,,
548,"Alcantara, Sandy",MIA,P,539.67,290,711,,49,,
549,"Napoli, Mike",TEX,1B,540.82,427,650,,49,,
550,"Suter, Brent",MLW,P,540.85,423,690,,48,,
551,"Stewart, Brock",LAD,P,542.02,453,705,,43,,
552,"Gsellman, Robert",NYM,P,542.33,366,709,,49,,
553,"Lugo, Seth",NYM,P,543.29,330,656,,49,,
554,"Maddox, Austin",BOS,P,543.5,259,692,,6,,
555,"Kelly, Carson",STL,C,545.68,365,709,,50,,
556,"Bader, Harrison",STL,OF,546.18,370,644,,50,,
557,"Harris, Will",HOU,P,546.83,359,695,,52,,
558,"Profar, Jurickson",TEX,OF,547.17,463,637,,52,,
559,"Escobar, Alcides",KC,SS,547.4,426,670,,47,,
560,"Cashner, Andrew",TEX,P,547.73,305,686,,48,,
561,"Pearce, Steve",TOR,OF,547.8,469,679,,35,,
562,"Verdugo, Alex",LAD,OF,548.25,421,688,,51,,
563,"Sherfy, Jimmie",ARZ,P,549.21,395,706,,48,,
564,"Stratton, Chris",SF,P,549.37,391,725,,51,,
565,"Anderson, Brian",MIA,3B,550,342,647,,43,,
566,"Prado, Martin",MIA,3B,550.57,477,661,,44,,
567,"Maurer, Brandon",KC,P,551.29,386,739,,49,,
568,"Guerrero, Jr., Vladimir",TOR,3B,551.35,327,737,,55,,
569,"Fister, Doug",TEX,P,552.3,370,708,,47,,
570,"Martinez, Victor",DET,UT,552.5,385,655,,48,,
571,"Leone, Dominic",STL,P,553.72,349,711,,53,,
572,"Shaw, Bryan",COL,P,553.88,282,736,,49,,
573,"Plawecki, Kevin",NYM,C,554.66,439,629,,47,,
574,"Tucker, Kyle",HOU,OF,554.67,381,745,,51,,
575,"Sierra, Magneuris",MIA,OF,556.71,342,735,,49,,
576,"Goodwin, Brian",WAS,OF,557,400,673,,44,,
577,"Meyer, Alex",LAA,P,557.23,303,729,,22,,
578,"Miranda, Ariel",SEA,P,557.92,381,738,,49,,
579,"Strahm, Matt",SD,P,559.2,426,685,,45,,
580,"Rodgers, Brendan",COL,SS,561.44,452,716,,52,,
581,"O'Day, Darren",BAL,P,564.92,342,732,,48,,
582,"Valaika, Pat",COL,SS,566.63,392,706,,48,,
583,"Belisle, Matt",MIN,P,567.04,226,745,,28,,
584,"Leiter Jr., Mark",PHI,P,568.98,438,685,,47,,
585,"Garver, Mitch",MIN,C,569.22,468,679,,45,,
586,"Swihart, Blake",BOS,C,569.4,361,701,,45,,
587,"Paulino, David",HOU,P,570.25,446,707,,40,,
588,"Cahill, Trevor",KC,P,570.52,384,715,,44,,
589,"Johnson, Jim",LAA,P,571.13,284,712,,47,,
590,"Lorenzen, Michael",CIN,P,572.7,387,704,,44,,
591,"Powell, Boog",OAK,OF,574.57,475,717,,35,,
592,"Cordero, Franchy",SD,OF,574.58,476,750,,36,,
593,"Wilson, Justin",CHC,P,575.62,324,723,,47,,
594,"Smith, Kevan",CWS,C,577.97,426,749,,33,,
595,"Perez, Roberto",CLE,C,579.81,406,707,,43,,
596,"Hatcher, Chris",OAK,P,580,468,733,,3,,
597,"Eovaldi, Nathan",TB,P,580.14,418,699,,49,,
598,"Whitley, Forest",HOU,P,581.98,412,736,,47,,
599,"Cuthbert, Cheslor",KC,3B,582.63,484,685,,38,,
600,"Gonsalves, Stephen",MIN,P,584.88,464,738,,41,,
601,"Leclerc, Jose",TEX,P,585.42,397,748,,33,,
602,"Alvarado, Jose",TB,P,586.31,377,745,,35,,
603,"Hunter, Tommy",PHI,P,587.53,455,727,,40,,
604,"Jimenez, Joe",DET,P,587.6,416,743,,50,,
605,"Rosario, Wilin",COL,1B,587.88,442,745,,8,,
606,"Dozier, Hunter",KC,3B,587.98,268,743,,42,,
607,"Martes, Francis",HOU,P,588.39,447,744,,44,,
608,"Jackson, Austin",SF,OF,589.61,379,700,,44,,
609,"Adams, Lane",ATL,OF,589.86,432,746,,43,,
610,"Garcia, Jarlin",MIA,P,590,590,590,,1,,
611,"Rosenthal, Trevor",STL,P,590.67,247,744,,12,,
612,"Mejia, Adalberto",MIN,P,591.56,486,713,,41,,
613,"Mateo, Jorge",OAK,SS,591.56,457,710,,39,,
614,"Shepherd, Chandler",BOS,P,592,592,592,,1,,
615,"Cole, A.J.",WAS,P,592.02,449,746,,43,,
616,"Tepera, Ryan",TOR,P,594.56,365,743,,41,,
617,"Albers, Matt",MLW,P,595.88,211,739,,16,,
618,"Lin, Tzu-Wei",BOS,2B,596,482,721,,7,,
619,"Rondon, Hector",HOU,P,596.33,437,733,,43,,
620,"Rogers, Taylor",MIN,P,596.46,405,739,,13,,
621,"Quantrill, Cal",SD,P,597,597,597,,1,,
622,"Zimmermann, Jordan",DET,P,597.8,464,750,,45,,
623,"Motter, Taylor",SEA,SS,597.95,443,676,,38,,
624,"Smith, Carson",BOS,P,599.64,467,702,,45,,
625,"Smolinski, Jake",OAK,OF,600.67,529,685,,3,,
626,"Valencia, Danny",SEA,1B,600.77,433,748,,39,,
627,"Moss, Brandon",OAK,UT,601.02,503,713,,42,,
628,"Machado, Dixon",DET,"2B, SS",601.25,516,739,,32,,
629,"Vargas, Kennys",MIN,1B,601.43,514,701,,35,,
630,"Hoffman, Jeff",COL,P,601.44,313,749,,45,,
631,"Wolters, Tony",COL,C,602.23,413,745,,44,,
632,"Blair, Aaron",ATL,P,603,500,718,,6,,
633,"Strop, Pedro",CHC,P,603.71,452,750,,45,,
634,"Jeffress, Jeremy",MLW,P,604.2,571,709,,5,,
635,"Pagan, Emilio",OAK,P,604.81,446,741,,42,,
636,"Rodriguez, Sean",PIT,OF,605.16,508,749,,38,,
637,"Asuaje, Carlos",SD,2B,605.65,506,709,,37,,
638,"Ross, Tyson",TEX,P,608.25,502,719,,32,,
639,"Barnes, Jacob",MLW,P,608.8,475,748,,44,,
640,"Allen, Greg",CLE,OF,608.8,449,745,,40,,
641,"Capps, Carter",SD,P,611.25,479,749,,44,,
642,"Strickland, Hunter",SF,P,611.32,384,743,,44,,
643,"Urias, Julio",LAD,P,611.44,422,734,,34,,
644,"Ottavino, Adam",COL,P,611.57,358,736,,30,,
645,"Beede, Tyler",SF,P,611.69,409,708,,35,,
646,"Locastro, Tim",LAD,OF,612.27,417,712,,11,,
647,"Jay, Jon",CHC,OF,613.28,492,745,,36,,
648,"Diekman, Jake",TEX,P,614.03,407,743,,32,,
649,"Goody, Nick",CLE,P,614.21,465,720,,43,,
650,"Fedde, Erick",WAS,P,614.36,496,744,,39,,
651,"Phegley, Josh",OAK,C,614.41,475,750,,34,,
652,"Davis, J.D.",HOU,3B,615,499,731,,7,,
653,"Biagini, Joe",TOR,P,616.76,444,749,,38,,
654,"Thornburg, Tyler",BOS,P,617.33,508,728,,18,,
655,"Glover, Koda",WAS,P,618,445,748,,39,,
656,"Montero, Rafael",NYM,P,618.54,490,746,,35,,
657,"Sogard, Eric",MLW,"2B, SS",618.65,531,738,,34,,
658,"Soroka, Mike",ATL,P,618.68,461,732,,31,,
659,"Freese, David",PIT,3B,619.39,471,749,,38,,
660,"Middleton, Keynan",LAA,P,621.02,451,736,,42,,
661,"Lively, Ben",PHI,P,622.03,324,746,,38,,
662,"Dickerson, Alex",SD,OF,624.26,481,709,,38,,
663,"Hellickson, Jeremy",BAL,P,625.81,415,744,,37,,
664,"Alexander, Scott",LAD,P,625.88,445,745,,32,,
665,"Romano, Sal",CIN,P,626,374,741,,28,,
666,"Maton, Phil",SD,P,626.28,477,735,,40,,
667,"Roberts, Luis",CWS,OF,627,514,740,,2,,
668,"Peralta, Wily",KC,P,627,562,692,,2,,
669,"Garrett, Amir",CIN,P,627,444,747,,25,,
670,"Urias, Luis",SD,SS,627.24,501,750,,29,,
671,"Hicks, Jordan",STL,P,627.5,598,676,,4,,
672,"Casilla, Santiago",OAK,P,628.89,281,742,,27,,
673,"Castillo, Rusney",BOS,OF,629,364,740,,23,,
674,"Chavis, Michael",BOS,3B,629.36,461,750,,36,,
675,"Garcia, Luis",PHI,P,630.33,480,702,,9,,
676,"Carrera, Ezequiel",TOR,OF,630.51,456,735,,35,,
677,"Garcia, Adonis",ATL,3B,630.56,574,750,,9,,
678,"Rusin, Chris",COL,P,630.76,364,749,,17,,
679,"Rivera, Rene",LAA,C,631.12,509,740,,33,,
680,"Stripling, Ross",LAD,P,631.21,493,742,,34,,
681,"Chen, Wei-Yin",MIA,P,631.91,502,738,,34,,
682,"Schwindel, Frank",KC,1B,632,632,632,,1,,
683,"Beeks, Jalen",BOS,P,632.69,447,733,,13,,
684,"Tropeano, Nick",LAA,P,632.84,545,744,,31,,
685,"Gearrin, Cory",SF,P,633.5,573,716,,4,,
686,"Marrero, Deven",BOS,3B,633.6,555,746,,5,,
687,"Grossman, Robbie",MIN,OF,633.89,507,740,,38,,
688,"Ervin, Phillip",CIN,OF,633.97,490,748,,39,,
689,"Jennings, Dan",TB,P,634,560,727,,10,,
690,"Warren, Adam",NYY,P,635.4,246,744,,30,,
691,"Winkler, Daniel",ATL,P,635.67,536,700,,6,,
692,"Bichette, Bo",TOR,SS,636.24,500,747,,25,,
693,"Escobar, Yunel",LAA,3B,636.71,371,741,,21,,
694,"O'Neill, Tyler",STL,OF,637.49,459,745,,37,,
695,"Hicks, John",DET,1B,638.05,533,748,,38,,
696,"Granite, Zack",MIN,OF,638.37,556,733,,35,,
697,"Burnes, Corbin",MLW,P,638.37,527,742,,27,,
698,"Ramirez, Jose",ATL,P,638.97,456,747,,32,,
699,"Rodriguez, Ricardo",TEX,P,639,639,639,,1,,
700,"Banda, Anthony",ARZ,P,639.5,459,749,,24,,
701,"Smith, Caleb",MIA,P,639.67,555,732,,3,,
702,"German, Domingo",NYY,P,640,597,721,,3,,
703,"Cowart, Kaleb",LAA,"2B, 3B",640.06,458,739,,33,,
704,"Hanson, Alen",CWS,"2B, OF",640.23,499,739,,39,,
705,"Osuna, Jose",PIT,"1B, OF",640.34,487,747,,35,,
706,"Lagares, Juan",NYM,OF,640.35,468,748,,31,,
707,"Reed, A.J.",HOU,1B,640.5,445,735,,30,,
708,"Montas, Frankie",OAK,P,640.82,470,745,,11,,
709,"Smith, Joe",HOU,P,640.91,544,745,,35,,
710,"De-La-Rosa, Rubby",ARZ,P,641,641,641,,1,,
711,"Norris, Bud",LAA,P,641.25,442,744,,16,,
712,"Jansen, Danny",TOR,C,641.64,512,727,,33,,
713,"Farquhar, Danny",CWS,P,642,642,642,,1,,
714,"Moore, Andrew",SEA,P,642.07,405,732,,28,,
715,"Pazos, James",SEA,P,642.71,523,737,,7,,
716,"Hazelbaker, Jeremy",ARZ,OF,642.75,517,727,,4,,
717,"Knapp, Andrew",PHI,C,643.1,416,746,,30,,
718,"Riley, Austin",ATL,3B,643.65,444,748,,31,,
719,"Liriano, Francisco",HOU,P,643.92,499,750,,24,,
720,"Sims, Lucas",ATL,P,644.12,471,750,,34,,
721,"Pressly, Ryan",MIN,P,644.4,518,709,,5,,
722,"Jewell, Jake",LAA,P,644.67,619,671,,3,,
723,"Shields, James",CWS,P,644.89,398,736,,27,,
724,"Merritt, Ryan",CLE,P,645,645,645,,1,,
725,"Street, Huston",LAA,P,645.36,502,740,,11,,
726,"Ynoa, Gabriel",BAL,P,645.57,409,748,,14,,
727,"Perkins, Glen",MIN,P,645.75,544,697,,4,,
728,"Lopes, Christian",TOR,SS,646,646,646,,1,,
729,"Stewart, Christin",DET,OF,646.17,511,743,,24,,
730,"Mendez, Yohander",TEX,P,646.31,499,736,,39,,
731,"Whitley, Chase",ATL,P,646.43,562,737,,7,,
732,"Presley, Alex",DET,OF,646.5,587,724,,6,,
733,"Romine, Austin",NYY,C,646.65,534,748,,17,,
734,"Descalso, Daniel",ARZ,"2B, OF",646.9,474,744,,31,,
735,"Telis, Tomas",MIA,1B,647.47,539,730,,15,,
736,"Norris, Derek",TB,C,647.77,417,750,,35,,
737,"Romero, Fernando",MIN,P,647.88,574,739,,8,,
738,"Brault, Steven",PIT,P,648,523,748,,14,,
739,"Narvaez, Omar",CWS,C,648.06,349,742,,32,,
740,"Kivlehan, Patrick",CIN,OF,648.5,595,722,,4,,
741,"Hendriks, Liam",OAK,P,648.58,469,750,,24,,
742,"Sucre, Jesus",TB,C,649.03,499,737,,31,,
743,"Allard, Kolby",ATL,P,649.75,521,739,,28,,
744,"Sheffield, Justus",NYY,P,649.81,528,749,,31,,
745,"Quinn, Roman",PHI,OF,651.11,554,736,,36,,
746,"Erlin, Robbie",SD,P,651.18,481,750,,28,,
747,"Gallardo, Yovani",MLW,P,651.31,438,748,,13,,
748,"Severino, Pedro",WAS,C,651.82,456,744,,17,,
749,"Walker, Christian",ARZ,1B,652.8,509,747,,15,,
750,"Anderson, Brett",TOR,P,653.33,583,734,,6,,
751,"Kelly, Joe",BOS,P,653.41,506,746,,27,,
752,"Jones, JaCoby",DET,OF,653.52,537,746,,23,,
753,"Perez, Martin",TEX,P,653.65,490,738,,23,,
754,"Watson, Tony",LAD,P,653.83,530,747,,18,,
755,"Vogelbach, Dan",SEA,1B,653.9,535,749,,30,,
756,"Conley, Adam",MIA,P,654.25,518,748,,28,,
757,"Hudson, Daniel",PIT,P,654.44,505,743,,16,,
758,"Wilson, Alex",DET,P,654.78,486,720,,9,,
759,"Holliday, Matt",NYY,UT,655.37,550,748,,27,,
760,"Gonzalez, Erik",CLE,2B,655.5,575,741,,10,,
761,"Tatis, Jr., Fernando",SD,SS,655.56,525,750,,18,,
762,"Romine, Andrew",SEA,"1B, 2B, 3B, OF",655.66,497,738,,29,,
763,"Dubon, Mauricio",MLW,SS,656.22,575,745,,23,,
764,"Collins, Zack",CWS,C,656.23,537,741,,13,,
765,"Bettis, Chad",COL,P,656.34,506,747,,29,,
766,"Young Jr., Eric",LAA,OF,656.56,564,747,,9,,
767,"Jankowski, Travis",SD,OF,656.77,493,744,,35,,
768,"Santiago, Hector",MIN,P,657,657,657,,1,,
769,"Heredia, Guillermo",SEA,OF,657.13,616,712,,8,,
770,"Castro, Miguel",BAL,P,657.5,549,744,,20,,
771,"Voit, Luke",STL,1B,657.59,544,749,,27,,
772,"Espinosa, Danny",TB,2B,658,592,724,,2,,
773,"McKinney, Billy",NYY,OF,658.14,407,741,,7,,
774,"Blevins, Jerry",NYM,P,658.4,562,741,,5,,
775,"Rodriguez, Francisco",DET,P,658.44,533,743,,9,,
776,"Gonzales, Marco",SEA,P,658.58,522,750,,24,,
777,"Vincent, Nick",SEA,P,658.58,540,750,,12,,
778,"Wright, Steven",BOS,P,660.11,538,750,,19,,
779,"Guerra, Junior",MLW,P,660.15,394,743,,26,,
780,"Feliz, Michael",PIT,P,660.35,524,747,,23,,
781,"Romero, Enny",WAS,P,660.5,630,691,,2,,
782,"Gossett, Daniel",OAK,P,660.5,598,732,,12,,
783,"Gordon, Nick",MIN,SS,660.68,520,748,,25,,
784,"Fields, Josh",LAD,P,660.88,511,746,,25,,
785,"Wade, Tyler",NYY,2B,661.11,544,738,,18,,
786,"Hernandez, David",CIN,P,661.13,479,750,,16,,
787,"Goins, Ryan",TOR,"2B, SS",661.25,492,742,,20,,
788,"Tuivailala, Sam",STL,P,661.33,581,745,,3,,
789,"Asche, Cody",CWS,UT,662,662,662,,1,,
790,"Bostick, Chris",PIT,OF,662,662,662,,1,,
791,"May, Trevor",MIN,P,662.47,524,750,,19,,
792,"Baez, Pedro",LAD,P,662.89,500,749,,18,,
793,"Miley, Wade",BAL,P,663,593,730,,9,,
794,"Rasmus, Colby",TB,OF,663.4,508,742,,10,,
795,"Duggar, Steven",SF,OF,663.76,582,740,,21,,
796,"Hernandez, Marco",BOS,3B,664.07,547,749,,15,,
797,"Pruitt, Austin",TB,P,664.47,476,749,,17,,
798,"Rivera, T.J.",NYM,"1B, 3B",664.53,595,746,,15,,
799,"McAllister, Zach",CLE,P,664.6,529,728,,5,,
800,"Tseng, Jen-Ho",CHC,P,664.73,549,742,,11,,
801,"Schimpf, Ryan",TB,3B,665.13,582,741,,31,,
802,"Engel, Adam",CWS,OF,665.3,553,744,,23,,
803,"Slater, Austin",SF,OF,665.65,592,745,,17,,
804,"Barnes, Matt",BOS,P,666.58,542,737,,26,,
805,"Butler, Eddie",CHC,P,666.6,550,747,,10,,
806,"Tillman, Chris",BAL,P,666.83,502,747,,23,,
807,"Sandoval, Pablo",SF,3B,667,560,739,,12,,
808,"Senzatela, Antonio",COL,P,668.3,542,747,,27,,
809,"Slegers, Aaron",MIN,P,668.67,494,732,,6,,
810,"Miller, Shelby",ARZ,P,668.77,458,746,,26,,
811,"Torres, Ramon",KC,2B,669,597,728,,5,,
812,"Farmer, Buck",DET,P,669.2,420,736,,10,,
813,"Stammen, Craig",SD,P,669.78,589,708,,9,,
814,"Travis, Sam",BOS,1B,669.83,534,749,,18,,
815,"Perez, Franklin",DET,P,670.22,589,743,,9,,
816,"Phelps, David",SEA,P,670.24,505,745,,17,,
817,"Austin, Tyler",NYY,1B,670.27,578,741,,15,,
818,"Dickey, R.A.",ATL,P,670.36,541,747,,11,,
819,"Robles, Hansel",NYM,P,670.4,641,695,,5,,
820,"Blach, Ty",SF,P,670.52,541,744,,21,,
821,"Ahmed, Nick",ARZ,SS,670.61,546,737,,18,,
822,"Rios, Edwin",LAD,1B,671,627,715,,2,,
823,"Young, Chris",BOS,OF,671,600,747,,5,,
824,"Kittredge, Andrew",TB,P,671.26,618,750,,19,,
825,"Robinson, Drew",TEX,"3B, OF",671.56,555,740,,9,,
826,"Aoki, Nori",NYM,OF,671.6,528,736,,10,,
827,"Sanchez, Anibal",DET,P,671.78,546,748,,9,,
828,"Riddle, J.T.",MIA,SS,672.22,497,748,,27,,
829,"Morgan, Adam",PHI,P,672.64,567,744,,11,,
830,"Bandy, Jett",MLW,C,672.88,584,747,,16,,
831,"Duffey, Tyler",MIN,P,672.89,536,750,,18,,
832,"Adrianza, Ehire",MIN,SS,673.45,611,744,,11,,
833,"Crick, Kyle",PIT,P,673.57,623,730,,7,,
834,"Nolasco, Ricky",LAA,P,673.9,589,746,,10,,
835,"Plouffe, Trevor",TB,3B,674.67,618,726,,3,,
836,"La Stella, Tommy",CHC,2B,674.71,528,729,,7,,
837,"Iwakuma, Hisashi",SEA,P,674.89,553,746,,27,,
838,"Lee, Braxton",MIA,OF,675.31,556,750,,16,,
839,"Brebbia, John",STL,P,675.4,576,749,,10,,
840,"Scott, Tanner",BAL,P,675.42,538,739,,12,,
841,"Font, Wilmer",LAD,P,675.73,581,747,,11,,
842,"Mercado, Oscar",STL,OF,676,676,676,,1,,
843,"Williams, Justin",TB,OF,676,641,698,,3,,
844,"Rodriguez, Ronny",CLE,2B,676,676,676,,1,,
845,"Naquin, Tyler",CLE,OF,676.81,557,742,,16,,
846,"Ruiz, Rio",ATL,3B,676.82,551,731,,11,,
847,"Fuentes, Rey",ARZ,OF,677,584,724,,4,,
848,"Montero, Miguel",TOR,C,677.5,601,737,,8,,
849,"Brugman, Jaycob",BAL,OF,677.5,656,699,,2,,
850,"Villanueva, Christian",SD,3B,677.6,436,750,,10,,
851,"Shaw, Chris",SF,"1B, OF",677.74,536,746,,27,,
852,"Beltran, Carlos",HOU,UT,679,609,749,,2,,
853,"Duplantier, Jon",ARZ,P,679.33,647,734,,3,,
854,"Cecil, Brett",STL,P,679.5,521,728,,8,,
855,"Blackburn, Paul",OAK,P,679.91,613,743,,11,,
856,"Parker, Jarrett",SF,OF,680,545,750,,16,,
857,"Castro, Willi",CLE,SS,680,680,680,,1,,
858,"Holt, Brock",BOS,2B,680,566,738,,18,,
859,"Stanek, Ryne",TB,P,680.57,560,744,,14,,
860,"Smith, Seth",BAL,OF,680.57,580,748,,23,,
861,"Lincecum, Tim",LAA,P,680.64,565,747,,11,,
862,"Hanigan, Ryan",COL,C,680.75,561,725,,4,,
863,"Busenitz, Alan",MIN,P,680.8,597,718,,5,,
864,"Orlando, Paulo",KC,OF,681.42,560,749,,12,,
865,"Buchter, Ryan",OAK,P,681.7,522,748,,23,,
866,"Ramos, Edubray",PHI,P,682.04,617,748,,24,,
867,"Tucker, Preston",ATL,OF,682.07,536,746,,14,,
868,"Cordoba, Allen",SD,"SS, OF",682.44,541,735,,9,,
869,"Acevedo, Domingo",NYY,P,682.83,439,747,,6,,
870,"Perez, Carlos",LAA,C,683.5,582,729,,4,,
871,"Infante, Greg",CWS,P,683.88,574,735,,8,,
872,"Tomlinson, Kelby",SF,"2B, 3B",684.94,567,743,,17,,
873,"Hansen, Alec",CWS,"1B, P",685,519,742,,11,,
874,"Nava, Daniel",PHI,OF,686,662,714,,3,,
875,"Nicholas, Brett",TEX,C,686.44,602,743,,9,,
876,"Maile, Luke",TOR,C,686.55,499,750,,11,,
877,"Stephens, Jackson",CIN,P,687.5,635,740,,2,,
878,"Romo, Sergio",TB,P,687.71,582,747,,7,,
879,"Moroff, Max",PIT,2B,688.29,617,738,,7,,
880,"Werth, Jayson",WAS,OF,688.44,566,740,,18,,
881,"White, Tyler",HOU,1B,688.5,541,750,,16,,
882,"Hardy, J.J.",BAL,SS,689,559,746,,4,,
883,"Luplow, Jordan",PIT,OF,689.08,596,750,,24,,
884,"Ross, Joe",WAS,P,689.33,638,717,,3,,
885,"Santana, Danny",ATL,OF,689.67,646,724,,3,,
886,"Stassi, Max",HOU,C,689.8,558,739,,10,,
887,"Carter, Chris",NYY,1B,690,650,735,,3,,
888,"Lobaton, Jose",WAS,C,690,690,690,,1,,
889,"Sanchez, Hector",SD,C,690.57,525,749,,7,,
890,"Rojas, Miguel",MIA,SS,690.65,584,748,,17,,
891,"Thompson, Jake",PHI,P,690.86,651,732,,7,,
892,"Dunn, Mike",COL,P,691,655,727,,2,,
893,"Gimenez, Chris",MIN,C,691,673,709,,2,,
894,"Van-Slyke, Scott",CIN,OF,691,662,720,,2,,
895,"Cooper, Garrett",MIA,1B,691.2,631,743,,15,,
896,"Ford, Mike",SEA,1B,691.33,632,743,,3,,
897,"Urena, Richard",TOR,SS,692,645,749,,3,,
898,"Kazmir, Scott",ATL,P,692.07,618,746,,14,,
899,"Susac, Andrew",MLW,C,692.33,667,726,,3,,
900,"Saladino, Tyler",CWS,"2B, 3B",692.33,626,749,,9,,
901,"Cozens, Dylan",PHI,OF,692.77,576,740,,13,,
902,"Turner, Stuart",CIN,C,693,693,693,,1,,
903,"Alzolay, Adbert",CHC,P,693,652,734,,2,,
904,"Feldman, Scott",CIN,P,693.44,627,748,,9,,
905,"Guzman, Ronald",TEX,1B,693.88,568,727,,8,,
906,"Torres, Jose",SD,P,694,666,723,,3,,
907,"Aybar, Erick",SD,SS,694.14,635,739,,7,,
908,"Hughes, Jared",CIN,P,694.5,639,750,,2,,
909,"Roe, Chaz",TB,P,694.5,664,725,,2,,
910,"Brito, Socrates",ARZ,OF,694.8,665,726,,5,,
911,"Maples, Dillon",CHC,P,696,696,696,,1,,
912,"Wright, Daniel",LAA,P,696,696,696,,1,,
913,"Alburquerque, Al",CWS,P,696.25,643,724,,4,,
914,"Robertson, Daniel",TB,"2B, SS",696.47,554,749,,15,,
915,"Yarbrough, Ryan",TB,P,696.57,635,739,,7,,
916,"Culberson, Charlie",ATL,SS,696.83,635,746,,6,,
917,"Herrera, Dilson",CIN,2B,697.25,651,749,,16,,
918,"Wendle, Joey",TB,2B,697.71,583,739,,7,,
919,"Gurriel, Lourdes",TOR,2B,698.13,636,731,,8,,
920,"Rua, Ryan",TEX,"1B, OF",698.2,658,744,,5,,
921,"Kang, Jung-Ho",PIT,3B,698.47,448,744,,15,,
922,"Brentz, Bryce",BOS,OF,699.6,655,734,,5,,
923,"Alvarez, Yadier",LAD,P,699.67,650,731,,3,,
924,"Martin, Chris",TEX,P,699.67,622,745,,3,,
925,"Diaz, Elias",PIT,C,700.17,587,742,,12,,
926,"Torrens, Luis",SD,C,700.67,689,711,,3,,
927,"Williams, Taylor",MLW,P,701,701,701,,1,,
928,"Vieira, Thyago",CWS,P,701.13,596,749,,8,,
929,"Cingrani, Tony",LAD,P,701.33,589,749,,9,,
930,"Butera, Drew",KC,C,702.17,634,743,,6,,
931,"Eshelman, Tom",PHI,P,702.38,673,742,,8,,
932,"Gillaspie, Casey",CWS,1B,702.5,679,725,,4,,
933,"Gonzalez, Miguel",CWS,P,702.6,646,750,,15,,
934,"Holland, Derek",CWS,P,703,703,703,,1,,
935,"Hahn, Jesse",KC,P,703.8,675,748,,10,,
936,"Santander, Anthony",BAL,OF,704.4,599,746,,5,,
937,"Gallen, Zac",MIA,P,704.5,659,732,,4,,
938,"Cessa, Luis",NYY,P,704.5,690,719,,2,,
939,"Fields, Roeman",TOR,OF,705,705,705,,1,,
940,"Buchholz, Clay",PHI,P,705,705,705,,1,,
941,"Nunez, Renato",OAK,OF,705.46,660,748,,13,,
942,"Lopez, Jose",CIN,P,706,706,706,,1,,
943,"Alvarez, Pedro",BAL,UT,706,706,706,,1,,
944,"Schrock, Max",OAK,2B,706.17,657,744,,6,,
945,"Rickard, Joey",BAL,OF,706.2,615,743,,15,,
946,"Kontos, George",PIT,P,706.63,646,750,,8,,
947,"Lyles, Jordan",SD,P,707,679,735,,2,,
948,"O'Hearn, Ryan",KC,1B,707.17,614,734,,6,,
949,"Gerber, Mike",DET,OF,707.33,693,730,,3,,
950,"Adleman, Tim",CIN,P,707.5,670,745,,2,,
951,"Harvey, Hunter",BAL,P,707.67,656,738,,12,,
952,"Albers, Andrew",SEA,P,708,689,736,,5,,
953,"Skoglund, Eric",KC,P,709,709,709,,1,,
954,"Bailey, Andrew",LAA,P,709,709,709,,1,,
955,"Reed, Cody",CIN,P,710.17,659,745,,6,,
956,"Burns, Billy",KC,OF,710.75,611,745,,8,,
957,"Kemp, Tony",HOU,OF,711,698,725,,3,,
958,"Schultz, Jaime",TB,P,711.5,680,747,,4,,
959,"Castillo, Diego",TB,P,711.6,677,736,,5,,
960,"Garneau, Dustin",OAK,C,712,712,712,,1,,
961,"Nottingham, Jacob",MLW,C,712,712,712,,1,,
962,"Despaigne, Odrisamer",MIA,P,712.33,681,735,,3,,
963,"Simmons, Shae",SEA,P,712.33,677,734,,3,,
964,"Bradley, Bobby",CLE,1B,712.5,654,750,,6,,
965,"Garcia, Greg",STL,"2B, 3B",712.71,692,734,,7,,
966,"Kingham, Nick",PIT,P,713,713,713,,1,,
967,"Pineda, Michael",MIN,P,713.43,674,737,,7,,
968,"Chirinos, Yonny",TB,P,714.3,672,746,,10,,
969,"Dull, Ryan",OAK,P,714.5,626,748,,6,,
970,"Moya, Gabriel",MIN,P,714.75,684,743,,4,,
971,"Kim, Hyun-Soo",PHI,OF,715,715,715,,1,,
972,"Gaviglio, Sam",KC,P,715,656,745,,3,,
973,"Flexen, Chris",NYM,P,715,715,715,,1,,
974,"Haase, Eric",CLE,C,716,716,716,,1,,
975,"Peralta, Freddy",MLW,P,716.67,711,727,,3,,
976,"Wilkerson, Aaron",MLW,P,717,701,748,,4,,
977,"Guyer, Brandon",CLE,OF,717,707,736,,3,,
978,"Smith, Burch",KC,P,717.36,620,743,,11,,
979,"Rea, Colin",SD,P,718.5,688,749,,2,,
980,"Hoyt, James",HOU,P,718.78,691,749,,9,,
981,"Rondon, Bruce",DET,P,719,719,719,,1,,
982,"Blash, Jabari",NYY,OF,719.75,691,734,,4,,
983,"Johnson, Brian",BOS,P,720,720,720,,1,,
984,"Peralta, Wandy",CIN,P,720.5,717,724,,2,,
985,"Zych, Tony",SEA,P,721.67,705,743,,3,,
986,"Reyes, Victor",DET,OF,722,704,747,,7,,
987,"Law, Derek",SF,P,722,722,722,,1,,
988,"Cordell, Ryan",CWS,OF,722,716,728,,2,,
989,"Barria, Jaime",LAA,P,722,694,748,,3,,
990,"Blanco, Gregor",ARZ,OF,722,709,735,,2,,
991,"Eflin, Zach",PHI,P,723,714,732,,2,,
992,"Koehler, Tom",LAD,P,723,723,723,,1,,
993,"Erceg, Lucas",MLW,3B,723,723,723,,1,,
994,"Trevino, Jose",TEX,C,724,724,724,,1,,
995,"Armenteros, Rogelio",HOU,P,725,683,747,,8,,
996,"Hughes, Phil",MIN,P,725,725,725,,1,,
997,"Brothers, Rex",ATL,P,725.5,717,734,,2,,
998,"Thompson, Trayce",LAD,OF,726,726,726,,1,,
999,"Oaks, Trevor",KC,P,726.2,708,748,,5,,
1000,"Tellez, Rowdy",TOR,1B,726.44,694,747,,9,,
1001,"Shackelford, Kevin",CIN,P,729,717,741,,2,,
1002,"Choi, Ji-Man",NYY,1B,729.75,706,747,,4,,
1003,"Mathis, Jeff",ARZ,C,730,706,746,,3,,
1004,"Stallings, Jacob",PIT,C,731,731,731,,1,,
1005,"Ortiz, Luis",MLW,P,731.33,716,744,,3,,
1006,"Taveras, Jose",PHI,P,731.75,718,741,,4,,
1007,"Gallegos, Giovanny",NYY,P,732,715,749,,2,,
1008,"Hernandez, Gorkys",SF,OF,732,714,740,,4,,
1009,"Liriano, Rymer",CWS,OF,732.5,726,739,,2,,
1010,"Gale, Rocky",SD,C,734,734,734,,1,,
1011,"Gee, Dillon",MIN,P,735,735,735,,1,,
1012,"White, Mitchell",LAD,P,735.33,712,747,,3,,
1013,"Holder03, Place",STL,PH,736,736,736,,1,,
1014,"Bote, David",CHC,2B,737,737,737,,1,,
1015,"Almonte, Abraham",CLE,OF,737,737,737,,1,,
1016,"Wynns, Austin",BAL,C,737,737,737,,1,,
1017,"Marjama, Mike",SEA,C,737.67,723,748,,3,,
1018,"Curtiss, John",MIN,P,739,739,739,,1,,
1019,"Suarez, Andrew",SF,P,740,740,740,,1,,
1020,"Amarista, Alexi",COL,OF,740,740,740,,1,,
1021,"Wood, Blake",LAA,P,741,741,741,,1,,
1022,"Lopez, Raffy",TOR,C,741,741,741,,1,,
1023,"Tauchman, Mike",COL,OF,742,740,744,,2,,
1024,"Holder05, Place",STL,PH,742,742,742,,1,,
1025,"Chavez, Jesse",LAA,P,743,743,743,,1,,
1026,"Clippard, Tyler",HOU,P,745,745,745,,1,,
1027,"Richards, Trevor",MIA,P,745,745,745,,1,,
1028,"Drew, Stephen",WAS,SS,747,747,747,,1,,
1029,"Baez, Michael",SD,P,748,748,748,,1,,
1030,"Wallach, Chad",MIA,C,748,748,748,,1,,
1031,"Pounders, Brooks",LAA,P,748,748,748,,1,,
1032,"Dayton, Grant",LAD,P,749,749,749,,1,,
1033,"Groome, Jay",BOS,P,749,749,749,,1,,
1034,"Anderson, Cody",CLE,P,750,750,750,,1,,
1035,"Borucki, Ryan",TOR,P,750,750,750,,1,,
